Ticker,Name,Type,Sector,Asset Class,Market Value,Notional Value,Quantity,Price,Location,Exchange,Currency,FX Rate,Accrual Date,Notional Weight,Market Weight,ETF
FLEX,FLEX LTD,EQUITY,Information Technology,Equity,"1,043,767,177.04","1,043,767,177.04","12,384,518.00",84.28,United States,NASDAQ,USD,1.00,--,0.90,0.90,IJH
FTI,TECHNIPFMC PLC,EQUITY,Energy,Equity,"956,789,912.88","956,789,912.88","13,625,604.00",70.22,United States,NYSE,USD,1.00,--,0.82,0.82,IJH
CW,CURTISS WRIGHT CORP,EQUITY,Industrials,Equity,"906,591,388.89","906,591,388.89","1,241,889.00",730.01,United States,NYSE,USD,1.00,--,0.78,0.78,IJH
XPO,XPO INC,EQUITY,Industrials,Equity,"901,110,795.69","901,110,795.69","3,945,837.00",228.37,United States,NYSE,USD,1.00,--,0.77,0.78,IJH
FN,FABRINET,EQUITY,Information Technology,Equity,"844,757,367.79","844,757,367.79","1,206,779.00",700.01,United States,NYSE,USD,1.00,--,0.73,0.73,IJH
UTHR,UNITED THERAPEUTICS CORP,EQUITY,Health Care,Equity,"831,688,704.00","831,688,704.00","1,450,350.00",573.44,United States,NASDAQ,USD,1.00,--,0.71,0.72,IJH
WWD,WOODWARD INC,EQUITY,Industrials,Equity,"790,761,426.40","790,761,426.40","2,008,028.00",393.80,United States,NASDAQ,USD,1.00,--,0.68,0.68,IJH
MTZ,MASTEC INC,EQUITY,Industrials,Equity,"767,732,437.66","767,732,437.66","2,066,074.00",371.59,United States,NYSE,USD,1.00,--,0.66,0.66,IJH
ENTG,ENTEGRIS INC,EQUITY,Information Technology,Equity,"762,460,869.12","762,460,869.12","5,119,936.00",148.92,United States,NASDAQ,USD,1.00,--,0.65,0.66,IJH
CRS,CARPENTER TECHNOLOGY CORP,EQUITY,Industrials,Equity,"758,693,970.87","758,693,970.87","1,677,747.00",452.21,United States,NYSE,USD,1.00,--,0.65,0.65,IJH
ATI,ATI INC,EQUITY,Industrials,Equity,"750,797,293.48","750,797,293.48","4,576,358.00",164.06,United States,NYSE,USD,1.00,--,0.64,0.65,IJH
TWLO,TWILIO INC CLASS A,EQUITY,Information Technology,Equity,"743,657,458.32","743,657,458.32","5,106,836.00",145.62,United States,NYSE,USD,1.00,--,0.64,0.64,IJH
NVT,NVENT ELECTRIC PLC,EQUITY,Industrials,Equity,"738,092,555.20","738,092,555.20","5,435,144.00",135.80,United States,NYSE,USD,1.00,--,0.63,0.63,IJH
BURL,BURLINGTON STORES INC,EQUITY,Consumer Discretionary,Equity,"728,492,642.46","728,492,642.46","2,094,453.00",347.82,United States,NYSE,USD,1.00,--,0.63,0.63,IJH
RGLD,ROYAL GOLD INC,EQUITY,Materials,Equity,"722,081,191.63","722,081,191.63","2,729,057.00",264.59,United States,NASDAQ,USD,1.00,--,0.62,0.62,IJH
P,EVERPURE INC CLASS A,EQUITY,Information Technology,Equity,"718,437,612.00","718,437,612.00","10,565,259.00",68.00,United States,NYSE,USD,1.00,--,0.62,0.62,IJH
BWXT,BWX TECHNOLOGIES INC,EQUITY,Industrials,Equity,"702,878,089.68","702,878,089.68","3,079,557.00",228.24,United States,NYSE,USD,1.00,--,0.60,0.60,IJH
USFD,US FOODS HOLDING CORP,EQUITY,Consumer Staples,Equity,"692,861,045.04","692,861,045.04","7,428,552.00",93.27,United States,NYSE,USD,1.00,--,0.59,0.60,IJH
ILMN,ILLUMINA INC,EQUITY,Health Care,Equity,"684,252,250.50","684,252,250.50","5,150,175.00",132.86,United States,NASDAQ,USD,1.00,--,0.59,0.59,IJH
RBA,RB GLOBAL INC,EQUITY,Industrials,Equity,"653,741,871.12","653,741,871.12","6,254,706.00",104.52,Canada,NYSE,USD,1.00,--,0.56,0.56,IJH
RBC,RBC BEARINGS INC,EQUITY,Industrials,Equity,"635,659,481.16","635,659,481.16","1,065,006.00",596.86,United States,NYSE,USD,1.00,--,0.55,0.55,IJH
MKSI,MKS,EQUITY,Information Technology,Equity,"633,333,507.03","633,333,507.03","2,262,471.00",279.93,United States,NASDAQ,USD,1.00,--,0.54,0.54,IJH
ITT,ITT INC,EQUITY,Industrials,Equity,"632,640,153.60","632,640,153.60","2,896,704.00",218.40,United States,NYSE,USD,1.00,--,0.54,0.54,IJH
APG,API GROUP CORP,EQUITY,Industrials,Equity,"629,681,396.40","629,681,396.40","12,924,495.00",48.72,United States,NYSE,USD,1.00,--,0.54,0.54,IJH
MTSI,MACOM TECHNOLOGY SOLUTIONS INC,EQUITY,Information Technology,Equity,"610,767,164.40","610,767,164.40","2,172,930.00",281.08,United States,NASDAQ,USD,1.00,--,0.52,0.53,IJH
SGI,SOMNIGROUP INTERNATIONAL INC,EQUITY,Consumer Discretionary,Equity,"597,730,601.52","597,730,601.52","7,070,388.00",84.54,United States,NYSE,USD,1.00,--,0.51,0.51,IJH
RS,RELIANCE STEEL & ALUMINUM,EQUITY,Materials,Equity,"590,656,488.96","590,656,488.96","1,761,261.00",335.36,United States,NYSE,USD,1.00,--,0.51,0.51,IJH
AA,ALCOA CORP,EQUITY,Materials,Equity,"580,323,027.31","580,323,027.31","8,722,727.00",66.53,United States,NYSE,USD,1.00,--,0.50,0.50,IJH
THC,TENET HEALTHCARE CORP,EQUITY,Health Care,Equity,"566,173,781.06","566,173,781.06","2,960,231.00",191.26,United States,NYSE,USD,1.00,--,0.49,0.49,IJH
JLL,JONES LANG LASALLE INC,EQUITY,Real Estate,Equity,"561,907,017.36","561,907,017.36","1,589,688.00",353.47,United States,NYSE,USD,1.00,--,0.48,0.48,IJH
EWBC,EAST WEST BANCORP INC,EQUITY,Financials,Equity,"551,692,880.39","551,692,880.39","4,632,571.00",119.09,United States,NASDAQ,USD,1.00,--,0.47,0.47,IJH
SNX,TD SYNNEX CORP,EQUITY,Information Technology,Equity,"550,299,298.12","550,299,298.12","2,525,699.00",217.88,United States,NYSE,USD,1.00,--,0.47,0.47,IJH
NLY,ANNALY CAPITAL MANAGEMENT REIT INC,EQUITY,Financials,Equity,"548,077,995.60","548,077,995.60","24,197,704.00",22.65,United States,NYSE,USD,1.00,--,0.47,0.47,IJH
LSCC,LATTICE SEMICONDUCTOR CORP,EQUITY,Information Technology,Equity,"547,495,559.55","547,495,559.55","4,607,385.00",118.83,United States,NASDAQ,USD,1.00,--,0.47,0.47,IJH
WPC,W. P. CAREY REIT INC,EQUITY,Real Estate,Equity,"544,316,750.58","544,316,750.58","7,381,567.00",73.74,United States,NYSE,USD,1.00,--,0.47,0.47,IJH
TLN,TALEN ENERGY CORP,EQUITY,Utilities,Equity,"532,885,483.50","532,885,483.50","1,538,975.00",346.26,United States,NASDAQ,USD,1.00,--,0.46,0.46,IJH
NXT,NEXTPOWER INC CLASS A,EQUITY,Industrials,Equity,"532,571,611.58","532,571,611.58","5,001,142.00",106.49,United States,NASDAQ,USD,1.00,--,0.46,0.46,IJH
WCC,WESCO INTERNATIONAL INC,EQUITY,Industrials,Equity,"525,109,735.20","525,109,735.20","1,626,734.00",322.80,United States,NYSE,USD,1.00,--,0.45,0.45,IJH
WSO,WATSCO INC,EQUITY,Industrials,Equity,"516,444,787.95","516,444,787.95","1,177,995.00",438.41,United States,NYSE,USD,1.00,--,0.44,0.44,IJH
DKS,DICKS SPORTING INC,EQUITY,Consumer Discretionary,Equity,"515,792,469.14","515,792,469.14","2,236,547.00",230.62,United States,NYSE,USD,1.00,--,0.44,0.44,IJH
CLH,CLEAN HARBORS INC,EQUITY,Industrials,Equity,"513,614,085.60","513,614,085.60","1,691,746.00",303.60,United States,NYSE,USD,1.00,--,0.44,0.44,IJH
TRU,TRANSUNION,EQUITY,Industrials,Equity,"503,874,191.75","503,874,191.75","6,480,697.00",77.75,United States,NYSE,USD,1.00,--,0.43,0.43,IJH
OVV,OVINTIV INC,EQUITY,Energy,Equity,"499,908,335.90","499,908,335.90","9,352,822.00",53.45,United States,NYSE,USD,1.00,--,0.43,0.43,IJH
CSL,CARLISLE COMPANIES INC,EQUITY,Industrials,Equity,"498,948,853.05","498,948,853.05","1,373,947.00",363.15,United States,NYSE,USD,1.00,--,0.43,0.43,IJH
PNFP,PINNACLE FINANCIAL PARTNERS INC,EQUITY,Financials,Equity,"498,721,964.34","498,721,964.34","5,069,343.00",98.38,United States,NYSE,USD,1.00,--,0.43,0.43,IJH
ONTO,ONTO INNOVATION INC,EQUITY,Information Technology,Equity,"493,536,254.46","493,536,254.46","1,672,494.00",295.09,United States,NYSE,USD,1.00,--,0.42,0.42,IJH
STRL,STERLING INFRASTRUCTURE INC,EQUITY,Industrials,Equity,"489,316,250.60","489,316,250.60","1,034,714.00",472.90,United States,NASDAQ,USD,1.00,--,0.42,0.42,IJH
PR,PERMIAN RESOURCES CORP CLASS A,EQUITY,Energy,Equity,"488,778,802.40","488,778,802.40","24,937,694.00",19.60,United States,NYSE,USD,1.00,--,0.42,0.42,IJH
GGG,GRACO INC,EQUITY,Industrials,Equity,"486,912,031.86","486,912,031.86","5,584,494.00",87.19,United States,NYSE,USD,1.00,--,0.42,0.42,IJH
PFGC,PERFORMANCE FOOD GROUP,EQUITY,Consumer Staples,Equity,"484,872,423.42","484,872,423.42","5,291,634.00",91.63,United States,NYSE,USD,1.00,--,0.42,0.42,IJH
AEIS,ADVANCED ENERGY INDUSTRIES INC,EQUITY,Information Technology,Equity,"483,390,415.68","483,390,415.68","1,271,344.00",380.22,United States,NASDAQ,USD,1.00,--,0.42,0.42,IJH
LECO,LINCOLN ELECTRIC HOLDINGS INC,EQUITY,Industrials,Equity,"480,917,006.73","480,917,006.73","1,853,459.00",259.47,United States,NASDAQ,USD,1.00,--,0.41,0.41,IJH
RPM,RPM INTERNATIONAL INC,EQUITY,Materials,Equity,"473,337,895.16","473,337,895.16","4,314,053.00",109.72,United States,NYSE,USD,1.00,--,0.41,0.41,IJH
TOL,TOLL BROTHERS INC,EQUITY,Consumer Discretionary,Equity,"470,084,283.24","470,084,283.24","3,191,556.00",147.29,United States,NYSE,USD,1.00,--,0.40,0.40,IJH
RGA,REINSURANCE GROUP OF AMERICA INC,EQUITY,Financials,Equity,"469,751,304.42","469,751,304.42","2,213,511.00",212.22,United States,NYSE,USD,1.00,--,0.40,0.40,IJH
EVR,EVERCORE INC CLASS A,EQUITY,Financials,Equity,"466,757,998.02","466,757,998.02","1,302,738.00",358.29,United States,NYSE,USD,1.00,--,0.40,0.40,IJH
RRX,REGAL REXNORD CORP,EQUITY,Industrials,Equity,"465,126,247.44","465,126,247.44","2,236,614.00",207.96,United States,NYSE,USD,1.00,--,0.40,0.40,IJH
OHI,OMEGA HEALTHCARE INVESTORS REIT IN,EQUITY,Real Estate,Equity,"463,041,653.44","463,041,653.44","9,955,744.00",46.51,United States,NYSE,USD,1.00,--,0.40,0.40,IJH
BLD,TOPBUILD CORP,EQUITY,Consumer Discretionary,Equity,"460,517,103.31","460,517,103.31","940,157.00",489.83,United States,NYSE,USD,1.00,--,0.40,0.40,IJH
FIVE,FIVE BELOW INC,EQUITY,Consumer Discretionary,Equity,"460,226,354.04","460,226,354.04","1,857,924.00",247.71,United States,NASDAQ,USD,1.00,--,0.40,0.40,IJH
RMBS,RAMBUS INC,EQUITY,Information Technology,Equity,"460,029,858.78","460,029,858.78","3,625,994.00",126.87,United States,NASDAQ,USD,1.00,--,0.40,0.40,IJH
CG,CARLYLE GROUP INC,EQUITY,Financials,Equity,"459,321,157.50","459,321,157.50","8,740,650.00",52.55,United States,NASDAQ,USD,1.00,--,0.39,0.40,IJH
RNR,RENAISSANCERE HOLDING LTD,EQUITY,Financials,Equity,"458,190,378.40","458,190,378.40","1,464,803.00",312.80,United States,NYSE,USD,1.00,--,0.39,0.39,IJH
GLPI,GAMING AND LEISURE PROPERTIES REIT,EQUITY,Real Estate,Equity,"453,371,645.00","453,371,645.00","9,532,625.00",47.56,United States,NASDAQ,USD,1.00,--,0.39,0.39,IJH
DTM,DT MIDSTREAM INC,EQUITY,Energy,Equity,"452,570,669.10","452,570,669.10","3,424,674.00",132.15,United States,NYSE,USD,1.00,--,0.39,0.39,IJH
MLI,MUELLER INDUSTRIES INC,EQUITY,Industrials,Equity,"452,089,228.50","452,089,228.50","3,739,365.00",120.90,United States,NYSE,USD,1.00,--,0.39,0.39,IJH
NBIX,NEUROCRINE BIOSCIENCES INC,EQUITY,Health Care,Equity,"444,848,153.58","444,848,153.58","3,380,562.00",131.59,United States,NASDAQ,USD,1.00,--,0.38,0.38,IJH
ROIV,ROIVANT SCIENCES LTD,EQUITY,Health Care,Equity,"441,653,110.68","441,653,110.68","15,187,521.00",29.08,United States,NASDAQ,USD,1.00,--,0.38,0.38,IJH
TTMI,TTM TECHNOLOGIES INC,EQUITY,Information Technology,Equity,"437,890,889.13","437,890,889.13","3,480,573.00",125.81,United States,NASDAQ,USD,1.00,--,0.38,0.38,IJH
ALLY,ALLY FINANCIAL INC,EQUITY,Financials,Equity,"437,805,577.20","437,805,577.20","9,455,844.00",46.30,United States,NYSE,USD,1.00,--,0.38,0.38,IJH
NYT,NEW YORK TIMES CLASS A,EQUITY,Communication,Equity,"437,223,536.10","437,223,536.10","5,442,165.00",80.34,United States,NYSE,USD,1.00,--,0.38,0.38,IJH
HL,HECLA MINING,EQUITY,Materials,Equity,"436,301,489.30","436,301,489.30","22,571,210.00",19.33,United States,NYSE,USD,1.00,--,0.37,0.38,IJH
PEN,PENUMBRA INC,EQUITY,Health Care,Equity,"435,675,167.19","435,675,167.19","1,321,389.00",329.71,United States,NYSE,USD,1.00,--,0.37,0.37,IJH
SOLS,SOLSTICE ADVANCED MATERIALS INC,EQUITY,Materials,Equity,"435,258,905.40","435,258,905.40","5,347,161.00",81.40,United States,NASDAQ,USD,1.00,--,0.37,0.37,IJH
KTOS,KRATOS DEFENSE AND SECURITY SOLUTI,EQUITY,Industrials,Equity,"434,230,383.19","434,230,383.19","6,218,393.00",69.83,United States,NASDAQ,USD,1.00,--,0.37,0.37,IJH
FNF,FIDELITY NATIONAL FINANCIAL INC,EQUITY,Financials,Equity,"432,455,062.68","432,455,062.68","8,577,054.00",50.42,United States,NYSE,USD,1.00,--,0.37,0.37,IJH
OKTA,OKTA INC CLASS A,EQUITY,Information Technology,Equity,"432,433,155.60","432,433,155.60","5,707,935.00",75.76,United States,NASDAQ,USD,1.00,--,0.37,0.37,IJH
ELS,EQUITY LIFESTYLE PROPERTIES REIT I,EQUITY,Real Estate,Equity,"430,979,422.02","430,979,422.02","6,529,002.00",66.01,United States,NYSE,USD,1.00,--,0.37,0.37,IJH
XTSLA,BLK CSH FND TREASURY SL AGENCY,STIF,Cash and/or Derivatives,Money Market,"425,005,919.51","143,258,954.95","425,005,920.00",1.00,United States,--,USD,1.00,--,0.12,0.37,IJH
SF,STIFEL FINANCIAL CORP,EQUITY,Financials,Equity,"419,454,756.00","419,454,756.00","5,136,600.00",81.66,United States,NYSE,USD,1.00,--,0.36,0.36,IJH
JAZZ,JAZZ PHARMACEUTICALS PLC,EQUITY,Health Care,Equity,"414,144,048.00","414,144,048.00","2,044,550.00",202.56,United States,NASDAQ,USD,1.00,--,0.36,0.36,IJH
DY,DYCOM INDUSTRIES INC,EQUITY,Industrials,Equity,"414,105,777.24","414,105,777.24","1,009,374.00",410.26,United States,NYSE,USD,1.00,--,0.36,0.36,IJH
BJ,BJS WHOLESALE CLUB HOLDINGS INC,EQUITY,Consumer Staples,Equity,"412,139,433.87","412,139,433.87","4,407,437.00",93.51,United States,NYSE,USD,1.00,--,0.35,0.35,IJH
GWRE,GUIDEWIRE SOFTWARE INC,EQUITY,Information Technology,Equity,"409,509,529.00","409,509,529.00","2,863,703.00",143.00,United States,NYSE,USD,1.00,--,0.35,0.35,IJH
PINS,PINTEREST INC CLASS A,EQUITY,Communication,Equity,"407,024,762.88","407,024,762.88","19,720,192.00",20.64,United States,NYSE,USD,1.00,--,0.35,0.35,IJH
UNM,UNUM,EQUITY,Financials,Equity,"406,831,788.60","406,831,788.60","5,134,820.00",79.23,United States,NYSE,USD,1.00,--,0.35,0.35,IJH
FHN,FIRST HORIZON CORP,EQUITY,Financials,Equity,"404,915,348.22","404,915,348.22","16,333,818.00",24.79,United States,NYSE,USD,1.00,--,0.35,0.35,IJH
ARMK,ARAMARK,EQUITY,Consumer Discretionary,Equity,"403,705,600.80","403,705,600.80","8,853,193.00",45.60,United States,NYSE,USD,1.00,--,0.35,0.35,IJH
SAIA,SAIA INC,EQUITY,Industrials,Equity,"400,554,841.53","400,554,841.53","897,441.00",446.33,United States,NASDAQ,USD,1.00,--,0.34,0.34,IJH
MEDP,MEDPACE HOLDINGS INC,EQUITY,Health Care,Equity,"399,095,326.52","399,095,326.52","755,233.00",528.44,United States,NASDAQ,USD,1.00,--,0.34,0.34,IJH
WBS,WEBSTER FINANCIAL CORP,EQUITY,Financials,Equity,"396,665,225.55","396,665,225.55","5,430,051.00",73.05,United States,NYSE,USD,1.00,--,0.34,0.34,IJH
ELAN,ELANCO ANIMAL HEALTH INC,EQUITY,Health Care,Equity,"396,307,888.00","396,307,888.00","16,735,975.00",23.68,United States,NYSE,USD,1.00,--,0.34,0.34,IJH
LAMR,LAMAR ADVERTISING COMPANY CLAS,EQUITY,Real Estate,Equity,"395,517,484.44","395,517,484.44","2,925,858.00",135.18,United States,NASDAQ,USD,1.00,--,0.34,0.34,IJH
CCK,CROWN HOLDINGS INC,EQUITY,Materials,Equity,"393,490,739.16","393,490,739.16","3,775,578.00",104.22,United States,NYSE,USD,1.00,--,0.34,0.34,IJH
SITM,SITIME CORP,EQUITY,Information Technology,Equity,"392,947,063.70","392,947,063.70","744,077.00",528.10,United States,NASDAQ,USD,1.00,--,0.34,0.34,IJH
SCI,SERVICE,EQUITY,Consumer Discretionary,Equity,"391,150,777.95","391,150,777.95","4,689,495.00",83.41,United States,NYSE,USD,1.00,--,0.34,0.34,IJH
BWA,BORGWARNER INC,EQUITY,Consumer Discretionary,Equity,"388,664,753.91","388,664,753.91","6,974,067.00",55.73,United States,NYSE,USD,1.00,--,0.33,0.33,IJH
CACI,CACI INTERNATIONAL INC CLASS A,EQUITY,Industrials,Equity,"388,355,343.32","388,355,343.32","743,876.00",522.07,United States,NYSE,USD,1.00,--,0.33,0.33,IJH
ENSG,ENSIGN GROUP INC,EQUITY,Health Care,Equity,"383,779,199.70","383,779,199.70","1,942,694.00",197.55,United States,NASDAQ,USD,1.00,--,0.33,0.33,IJH
EXEL,EXELIXIS INC,EQUITY,Health Care,Equity,"381,492,997.13","381,492,997.13","8,747,833.00",43.61,United States,NASDAQ,USD,1.00,--,0.33,0.33,IJH
WTRG,ESSENTIAL UTILITIES INC,EQUITY,Utilities,Equity,"379,260,533.66","379,260,533.66","9,531,554.00",39.79,United States,NYSE,USD,1.00,--,0.33,0.33,IJH
ACM,AECOM,EQUITY,Industrials,Equity,"376,438,939.04","376,438,939.04","4,354,916.00",86.44,United States,NYSE,USD,1.00,--,0.32,0.32,IJH
WMS,ADVANCED DRAINAGE SYSTEMS INC,EQUITY,Industrials,Equity,"375,743,315.52","375,743,315.52","2,413,872.00",155.66,United States,NYSE,USD,1.00,--,0.32,0.32,IJH
AIT,APPLIED INDUSTRIAL TECHNOLOGIES IN,EQUITY,Industrials,Equity,"370,211,050.88","370,211,050.88","1,259,564.00",293.92,United States,NYSE,USD,1.00,--,0.32,0.32,IJH
NTNX,NUTANIX INC CLASS A,EQUITY,Information Technology,Equity,"369,693,882.36","369,693,882.36","9,108,004.00",40.59,United States,NASDAQ,USD,1.00,--,0.32,0.32,IJH
SPXC,SPX TECHNOLOGIES INC,EQUITY,Industrials,Equity,"365,283,845.37","365,283,845.37","1,678,617.00",217.61,United States,NYSE,USD,1.00,--,0.31,0.31,IJH
TXRH,TEXAS ROADHOUSE INC,EQUITY,Consumer Discretionary,Equity,"364,940,503.20","364,940,503.20","2,227,964.00",163.80,United States,NASDAQ,USD,1.00,--,0.31,0.31,IJH
EGP,EASTGROUP PROPERTIES REIT INC,EQUITY,Real Estate,Equity,"364,001,149.18","364,001,149.18","1,792,138.00",203.11,United States,NYSE,USD,1.00,--,0.31,0.31,IJH
GMED,GLOBUS MEDICAL INC CLASS A,EQUITY,Health Care,Equity,"363,324,892.42","363,324,892.42","3,752,581.00",96.82,United States,NYSE,USD,1.00,--,0.31,0.31,IJH
AR,ANTERO RESOURCES CORP,EQUITY,Energy,Equity,"361,039,592.34","361,039,592.34","9,872,562.00",36.57,United States,NYSE,USD,1.00,--,0.31,0.31,IJH
EHC,ENCOMPASS HEALTH CORP,EQUITY,Health Care,Equity,"360,158,594.30","360,158,594.30","3,389,090.00",106.27,United States,NYSE,USD,1.00,--,0.31,0.31,IJH
KNX,KNIGHT-SWIFT TRANSPORTATION HOLDIN,EQUITY,Industrials,Equity,"358,432,512.90","358,432,512.90","5,468,078.00",65.55,United States,NYSE,USD,1.00,--,0.31,0.31,IJH
FLS,FLOWSERVE CORP,EQUITY,Industrials,Equity,"356,892,789.57","356,892,789.57","4,278,777.00",83.41,United States,NYSE,USD,1.00,--,0.31,0.31,IJH
DT,DYNATRACE INC,EQUITY,Information Technology,Equity,"356,034,634.56","356,034,634.56","10,046,124.00",35.44,United States,NYSE,USD,1.00,--,0.31,0.31,IJH
BMRN,BIOMARIN PHARMACEUTICAL INC,EQUITY,Health Care,Equity,"355,130,071.52","355,130,071.52","6,471,029.00",54.88,United States,NASDAQ,USD,1.00,--,0.30,0.31,IJH
COKE,COCA COLA CONSOLIDATED INC,EQUITY,Consumer Staples,Equity,"354,385,160.01","354,385,160.01","1,905,399.00",185.99,United States,NASDAQ,USD,1.00,--,0.30,0.30,IJH
CAR,AVIS BUDGET GROUP INC,EQUITY,Industrials,Equity,"346,488,779.20","346,488,779.20","569,134.00",608.80,United States,NASDAQ,USD,1.00,--,0.30,0.30,IJH
DCI,DONALDSON INC,EQUITY,Industrials,Equity,"345,995,517.26","345,995,517.26","3,884,971.00",89.06,United States,NYSE,USD,1.00,--,0.30,0.30,IJH
GME,GAMESTOP CORP CLASS A,EQUITY,Consumer Discretionary,Equity,"345,968,172.76","345,968,172.76","13,883,153.00",24.92,United States,NYSE,USD,1.00,--,0.30,0.30,IJH
OC,OWENS CORNING,EQUITY,Industrials,Equity,"343,152,972.05","343,152,972.05","2,768,479.00",123.95,United States,NYSE,USD,1.00,--,0.29,0.30,IJH
AMH,AMERICAN HOMES RENT REIT CLASS A,EQUITY,Real Estate,Equity,"341,516,377.40","341,516,377.40","10,981,234.00",31.10,United States,NYSE,USD,1.00,--,0.29,0.29,IJH
WTFC,WINTRUST FINANCIAL CORP,EQUITY,Financials,Equity,"335,667,264.20","335,667,264.20","2,255,980.00",148.79,United States,NASDAQ,USD,1.00,--,0.29,0.29,IJH
SSB,SOUTHSTATE BANK CORP,EQUITY,Financials,Equity,"334,396,100.04","334,396,100.04","3,339,286.00",100.14,United States,NYSE,USD,1.00,--,0.29,0.29,IJH
LFUS,LITTELFUSE INC,EQUITY,Information Technology,Equity,"331,022,358.44","331,022,358.44","838,732.00",394.67,United States,NASDAQ,USD,1.00,--,0.28,0.28,IJH
EQH,EQUITABLE HOLDINGS INC,EQUITY,Financials,Equity,"330,428,556.96","330,428,556.96","7,935,364.00",41.64,United States,NYSE,USD,1.00,--,0.28,0.28,IJH
RRC,RANGE RESOURCES CORP,EQUITY,Energy,Equity,"328,328,507.54","328,328,507.54","7,980,761.00",41.14,United States,NYSE,USD,1.00,--,0.28,0.28,IJH
BAH,BOOZ ALLEN HAMILTON HOLDING CORP C,EQUITY,Industrials,Equity,"327,842,890.06","327,842,890.06","4,061,986.00",80.71,United States,NYSE,USD,1.00,--,0.28,0.28,IJH
CAVA,CAVA GROUP INC,EQUITY,Consumer Discretionary,Equity,"327,218,128.86","327,218,128.86","3,359,874.00",97.39,United States,NYSE,USD,1.00,--,0.28,0.28,IJH
OGE,OGE ENERGY CORP,EQUITY,Utilities,Equity,"327,102,582.40","327,102,582.40","6,915,488.00",47.30,United States,NYSE,USD,1.00,--,0.28,0.28,IJH
ARWR,ARROWHEAD PHARMACEUTICALS INC,EQUITY,Health Care,Equity,"326,632,098.25","326,632,098.25","4,716,709.00",69.25,United States,NASDAQ,USD,1.00,--,0.28,0.28,IJH
ORI,OLD REPUBLIC INTERNATIONAL CORP,EQUITY,Financials,Equity,"325,895,992.50","325,895,992.50","7,668,141.00",42.50,United States,NYSE,USD,1.00,--,0.28,0.28,IJH
OSK,OSHKOSH CORP,EQUITY,Industrials,Equity,"323,419,918.80","323,419,918.80","2,130,566.00",151.80,United States,NYSE,USD,1.00,--,0.28,0.28,IJH
CNH,CNH INDUSTRIAL N.V. NV,EQUITY,Industrials,Equity,"323,118,687.48","323,118,687.48","29,807,997.00",10.84,United States,NYSE,USD,1.00,--,0.28,0.28,IJH
DOCU,DOCUSIGN INC,EQUITY,Information Technology,Equity,"321,843,453.88","321,843,453.88","6,745,828.00",47.71,United States,NASDAQ,USD,1.00,--,0.28,0.28,IJH
ADC,AGREE REALTY REIT CORP,EQUITY,Real Estate,Equity,"321,136,859.16","321,136,859.16","4,036,411.00",79.56,United States,NYSE,USD,1.00,--,0.28,0.28,IJH
BRX,BRIXMOR PROPERTY GROUP REIT INC,EQUITY,Real Estate,Equity,"319,827,623.58","319,827,623.58","10,327,014.00",30.97,United States,NYSE,USD,1.00,--,0.27,0.28,IJH
IDCC,INTERDIGITAL INC,EQUITY,Information Technology,Equity,"319,206,685.20","319,206,685.20","865,176.00",368.95,United States,NASDAQ,USD,1.00,--,0.27,0.27,IJH
CR,CRANE,EQUITY,Industrials,Equity,"318,067,413.84","318,067,413.84","1,649,043.00",192.88,United States,NYSE,USD,1.00,--,0.27,0.27,IJH
CNM,CORE & MAIN INC CLASS A,EQUITY,Industrials,Equity,"317,723,100.00","317,723,100.00","6,354,462.00",50.00,United States,NYSE,USD,1.00,--,0.27,0.27,IJH
GTLS,CHART INDUSTRIES INC,EQUITY,Industrials,Equity,"315,138,998.85","315,138,998.85","1,514,145.00",208.13,United States,NYSE,USD,1.00,--,0.27,0.27,IJH
DAR,DARLING INGREDIENTS INC,EQUITY,Consumer Staples,Equity,"314,790,705.88","314,790,705.88","5,328,211.00",59.08,United States,NYSE,USD,1.00,--,0.27,0.27,IJH
ZION,ZIONS BANCORPORATION,EQUITY,Financials,Equity,"313,058,886.40","313,058,886.40","4,965,248.00",63.05,United States,NASDAQ,USD,1.00,--,0.27,0.27,IJH
CGNX,COGNEX CORP,EQUITY,Information Technology,Equity,"309,668,111.16","309,668,111.16","5,581,617.00",55.48,United States,NASDAQ,USD,1.00,--,0.27,0.27,IJH
CUBE,CUBESMART REIT,EQUITY,Real Estate,Equity,"309,161,095.25","309,161,095.25","7,681,021.00",40.25,United States,NYSE,USD,1.00,--,0.27,0.27,IJH
TTC,TORO,EQUITY,Industrials,Equity,"308,586,901.24","308,586,901.24","3,283,538.00",93.98,United States,NYSE,USD,1.00,--,0.26,0.27,IJH
CFR,CULLEN FROST BANKERS INC,EQUITY,Financials,Equity,"307,423,762.66","307,423,762.66","2,128,826.00",144.41,United States,NYSE,USD,1.00,--,0.26,0.26,IJH
R,RYDER SYSTEM INC,EQUITY,Industrials,Equity,"305,551,135.53","305,551,135.53","1,328,079.00",230.07,United States,NYSE,USD,1.00,--,0.26,0.26,IJH
DINO,HF SINCLAIR CORP,EQUITY,Energy,Equity,"304,884,516.02","304,884,516.02","5,266,618.00",57.89,United States,NYSE,USD,1.00,--,0.26,0.26,IJH
MOGA,MOOG INC CLASS A,EQUITY,Industrials,Equity,"304,598,563.60","304,598,563.60","957,556.00",318.10,United States,NYSE,USD,1.00,--,0.26,0.26,IJH
AYI,ACUITY INC,EQUITY,Industrials,Equity,"304,239,422.68","304,239,422.68","1,026,068.00",296.51,United States,NYSE,USD,1.00,--,0.26,0.26,IJH
AFG,AMERICAN FINANCIAL GROUP INC,EQUITY,Financials,Equity,"303,084,894.38","303,084,894.38","2,331,781.00",129.98,United States,NYSE,USD,1.00,--,0.26,0.26,IJH
ARW,ARROW ELECTRONICS INC,EQUITY,Information Technology,Equity,"302,794,746.46","302,794,746.46","1,720,718.00",175.97,United States,NYSE,USD,1.00,--,0.26,0.26,IJH
MP,MP MATERIALS CORP CLASS A,EQUITY,Materials,Equity,"300,171,579.80","300,171,579.80","4,532,260.00",66.23,United States,NYSE,USD,1.00,--,0.26,0.26,IJH
AHR,AMERICAN HEALTHCARE REIT INC,EQUITY,Real Estate,Equity,"300,043,813.38","300,043,813.38","5,975,778.00",50.21,United States,NYSE,USD,1.00,--,0.26,0.26,IJH
UMBF,UMB FINANCIAL CORP,EQUITY,Financials,Equity,"298,574,203.74","298,574,203.74","2,405,141.00",124.14,United States,NASDAQ,USD,1.00,--,0.26,0.26,IJH
PRI,PRIMERICA INC,EQUITY,Financials,Equity,"296,937,350.82","296,937,350.82","1,075,042.00",276.21,United States,NYSE,USD,1.00,--,0.25,0.26,IJH
CTRE,CARETRUST REIT INC,EQUITY,Real Estate,Equity,"296,634,711.60","296,634,711.60","7,524,980.00",39.42,United States,NYSE,USD,1.00,--,0.25,0.26,IJH
COLB,COLUMBIA BANKING SYSTEM INC,EQUITY,Financials,Equity,"295,340,723.44","295,340,723.44","9,950,833.00",29.68,United States,NASDAQ,USD,1.00,--,0.25,0.25,IJH
HLI,HOULIHAN LOKEY INC CLASS A,EQUITY,Financials,Equity,"294,752,888.23","294,752,888.23","1,830,877.00",160.99,United States,NYSE,USD,1.00,--,0.25,0.25,IJH
VNOM,VIPER ENERGY INC CLASS A,EQUITY,Energy,Equity,"290,701,855.92","290,701,855.92","6,259,056.00",46.45,United States,NASDAQ,USD,1.00,--,0.25,0.25,IJH
REXR,REXFORD INDUSTRIAL REALTY REIT INC,EQUITY,Real Estate,Equity,"290,333,571.84","290,333,571.84","7,754,636.00",37.44,United States,NYSE,USD,1.00,--,0.25,0.25,IJH
CRUS,CIRRUS LOGIC INC,EQUITY,Information Technology,Equity,"289,289,468.50","289,289,468.50","1,718,075.00",168.38,United States,NASDAQ,USD,1.00,--,0.25,0.25,IJH
NNN,NNN REIT INC,EQUITY,Real Estate,Equity,"288,604,803.11","288,604,803.11","6,397,801.00",45.11,United States,NYSE,USD,1.00,--,0.25,0.25,IJH
FR,FIRST INDUSTRIAL REALTY TRUST INC,EQUITY,Real Estate,Equity,"287,473,292.40","287,473,292.40","4,463,871.00",64.40,United States,NYSE,USD,1.00,--,0.25,0.25,IJH
AMG,AFFILIATED MANAGERS GROUP INC,EQUITY,Financials,Equity,"285,174,793.43","285,174,793.43","947,519.00",300.97,United States,NYSE,USD,1.00,--,0.24,0.25,IJH
ATR,APTARGROUP INC,EQUITY,Materials,Equity,"283,902,376.56","283,902,376.56","2,168,518.00",130.92,United States,NYSE,USD,1.00,--,0.24,0.24,IJH
ONB,OLD NATIONAL BANCORP,EQUITY,Financials,Equity,"283,271,355.25","283,271,355.25","11,681,293.00",24.25,United States,NASDAQ,USD,1.00,--,0.24,0.24,IJH
MUSA,MURPHY USA INC,EQUITY,Consumer Discretionary,Equity,"282,718,491.56","282,718,491.56","569,102.00",496.78,United States,NYSE,USD,1.00,--,0.24,0.24,IJH
ALV,AUTOLIV INC,EQUITY,Consumer Discretionary,Equity,"280,662,233.12","280,662,233.12","2,312,642.00",121.36,United States,NYSE,USD,1.00,--,0.24,0.24,IJH
TTEK,TETRA TECH INC,EQUITY,Industrials,Equity,"278,744,369.32","278,744,369.32","8,784,884.00",31.73,United States,NASDAQ,USD,1.00,--,0.24,0.24,IJH
NFG,NATIONAL FUEL GAS,EQUITY,Utilities,Equity,"277,403,802.30","277,403,802.30","3,200,690.00",86.67,United States,NYSE,USD,1.00,--,0.24,0.24,IJH
HALO,HALOZYME THERAPEUTICS INC,EQUITY,Health Care,Equity,"275,286,750.75","275,286,750.75","3,956,975.00",69.57,United States,NASDAQ,USD,1.00,--,0.24,0.24,IJH
WAL,WESTERN ALLIANCE,EQUITY,Financials,Equity,"274,826,607.30","274,826,607.30","3,459,114.00",79.45,United States,NYSE,USD,1.00,--,0.24,0.24,IJH
MASI,MASIMO CORP,EQUITY,Health Care,Equity,"274,446,463.70","274,446,463.70","1,537,946.00",178.45,United States,NASDAQ,USD,1.00,--,0.24,0.24,IJH
CYTK,CYTOKINETICS INC,EQUITY,Health Care,Equity,"272,381,253.42","272,381,253.42","4,118,253.00",66.14,United States,NASDAQ,USD,1.00,--,0.23,0.23,IJH
CART,MAPLEBEAR INC,EQUITY,Consumer Staples,Equity,"272,142,260.46","272,142,260.46","6,183,646.00",44.01,United States,NASDAQ,USD,1.00,--,0.23,0.23,IJH
VMI,VALMONT INDS INC,EQUITY,Industrials,Equity,"271,991,449.44","271,991,449.44","663,588.00",409.88,United States,NYSE,USD,1.00,--,0.23,0.23,IJH
AAL,AMERICAN AIRLINES GROUP INC,EQUITY,Industrials,Equity,"271,948,895.28","271,948,895.28","22,218,047.00",12.24,United States,NASDAQ,USD,1.00,--,0.23,0.23,IJH
WTS,WATTS WATER TECHNOLOGIES INC CLASS,EQUITY,Industrials,Equity,"271,455,433.16","271,455,433.16","923,852.00",293.83,United States,NYSE,USD,1.00,--,0.23,0.23,IJH
MANH,MANHATTAN ASSOCIATES INC,EQUITY,Information Technology,Equity,"269,516,489.76","269,516,489.76","2,013,872.00",133.83,United States,NASDAQ,USD,1.00,--,0.23,0.23,IJH
FCFS,FIRSTCASH HOLDINGS INC,EQUITY,Financials,Equity,"267,201,386.82","267,201,386.82","1,303,803.00",204.94,United States,NASDAQ,USD,1.00,--,0.23,0.23,IJH
KNSL,KINSALE CAPITAL GROUP INC,EQUITY,Financials,Equity,"266,532,909.12","266,532,909.12","744,339.00",358.08,United States,NYSE,USD,1.00,--,0.23,0.23,IJH
UGI,UGI CORP,EQUITY,Utilities,Equity,"266,196,596.68","266,196,596.68","7,229,674.00",36.82,United States,NYSE,USD,1.00,--,0.23,0.23,IJH
AMKR,AMKOR TECHNOLOGY INC,EQUITY,Information Technology,Equity,"265,812,917.44","265,812,917.44","3,827,951.00",69.44,United States,NASDAQ,USD,1.00,--,0.23,0.23,IJH
IDA,IDACORP INC,EQUITY,Utilities,Equity,"265,226,014.90","265,226,014.90","1,820,357.00",145.70,United States,NYSE,USD,1.00,--,0.23,0.23,IJH
JEF,JEFFERIES FINANCIAL GROUP INC,EQUITY,Financials,Equity,"264,676,292.81","264,676,292.81","5,563,933.00",47.57,United States,NYSE,USD,1.00,--,0.23,0.23,IJH
FLR,FLUOR CORP,EQUITY,Industrials,Equity,"261,140,768.20","261,140,768.20","5,429,122.00",48.10,United States,NYSE,USD,1.00,--,0.22,0.22,IJH
KEX,KIRBY CORP,EQUITY,Industrials,Equity,"260,551,639.50","260,551,639.50","1,823,825.00",142.86,United States,NYSE,USD,1.00,--,0.22,0.22,IJH
STAG,STAG INDUSTRIAL REIT INC,EQUITY,Real Estate,Equity,"256,416,230.87","256,416,230.87","6,428,083.00",39.89,United States,NYSE,USD,1.00,--,0.22,0.22,IJH
SEIC,SEI INVESTMENTS,EQUITY,Financials,Equity,"254,477,646.57","254,477,646.57","3,125,877.00",81.41,United States,NASDAQ,USD,1.00,--,0.22,0.22,IJH
SSD,SIMPSON MANUFACTURING INC,EQUITY,Industrials,Equity,"252,178,669.25","252,178,669.25","1,395,025.00",180.77,United States,NYSE,USD,1.00,--,0.22,0.22,IJH
CMC,COMMERCIAL METALS,EQUITY,Materials,Equity,"252,051,580.44","252,051,580.44","3,731,886.00",67.54,United States,NYSE,USD,1.00,--,0.22,0.22,IJH
HQY,HEALTHEQUITY INC,EQUITY,Health Care,Equity,"248,184,505.55","248,184,505.55","2,874,835.00",86.33,United States,NASDAQ,USD,1.00,--,0.21,0.21,IJH
ENS,ENERSYS,EQUITY,Industrials,Equity,"247,879,204.14","247,879,204.14","1,239,954.00",199.91,United States,NYSE,USD,1.00,--,0.21,0.21,IJH
SFM,SPROUTS FARMERS MARKET INC,EQUITY,Consumer Staples,Equity,"243,588,444.00","243,588,444.00","3,276,240.00",74.35,United States,NASDAQ,USD,1.00,--,0.21,0.21,IJH
AGCO,AGCO CORP,EQUITY,Industrials,Equity,"243,193,396.74","243,193,396.74","2,022,062.00",120.27,United States,NYSE,USD,1.00,--,0.21,0.21,IJH
CHRD,CHORD ENERGY CORP,EQUITY,Energy,Equity,"243,109,869.82","243,109,869.82","1,913,347.00",127.06,United States,NASDAQ,USD,1.00,--,0.21,0.21,IJH
INGR,INGREDION INC,EQUITY,Consumer Staples,Equity,"242,110,124.28","242,110,124.28","2,119,868.00",114.21,United States,NYSE,USD,1.00,--,0.21,0.21,IJH
ULS,UL SOLUTIONS INC CLASS A,EQUITY,Industrials,Equity,"241,707,832.64","241,707,832.64","2,599,568.00",92.98,United States,NYSE,USD,1.00,--,0.21,0.21,IJH
WFRD,WEATHERFORD INTERNATIONAL PLC,EQUITY,Energy,Equity,"241,630,511.84","241,630,511.84","2,413,168.00",100.13,United States,NASDAQ,USD,1.00,--,0.21,0.21,IJH
GATX,GATX CORP,EQUITY,Industrials,Equity,"241,165,760.64","241,165,760.64","1,201,264.00",200.76,United States,NYSE,USD,1.00,--,0.21,0.21,IJH
H,HYATT HOTELS CORP CLASS A,EQUITY,Consumer Discretionary,Equity,"240,182,338.80","240,182,338.80","1,390,910.00",172.68,United States,NYSE,USD,1.00,--,0.21,0.21,IJH
DOCN,DIGITALOCEAN HOLDINGS INC,EQUITY,Information Technology,Equity,"240,103,402.11","240,103,402.11","2,680,623.00",89.57,United States,NYSE,USD,1.00,--,0.21,0.21,IJH
VOYA,VOYA FINANCIAL INC,EQUITY,Financials,Equity,"239,820,389.50","239,820,389.50","3,176,429.00",75.50,United States,NYSE,USD,1.00,--,0.21,0.21,IJH
PB,PROSPERITY BANCSHARES INC,EQUITY,Financials,Equity,"238,975,315.92","238,975,315.92","3,399,848.00",70.29,United States,NYSE,USD,1.00,--,0.21,0.21,IJH
VFC,VF CORP,EQUITY,Consumer Discretionary,Equity,"237,766,715.50","237,766,715.50","11,058,917.00",21.50,United States,NYSE,USD,1.00,--,0.20,0.20,IJH
TEX,TEREX CORP,EQUITY,Industrials,Equity,"237,548,392.48","237,548,392.48","3,825,872.00",62.09,United States,NYSE,USD,1.00,--,0.20,0.20,IJH
SLAB,SILICON LABORATORIES INC,EQUITY,Information Technology,Equity,"237,241,702.98","237,241,702.98","1,108,917.00",213.94,United States,NASDAQ,USD,1.00,--,0.20,0.20,IJH
CBSH,COMMERCE BANCSHARES INC,EQUITY,Financials,Equity,"237,013,110.00","237,013,110.00","4,611,150.00",51.40,United States,NASDAQ,USD,1.00,--,0.20,0.20,IJH
LAD,LITHIA MOTORS INC CLASS A,EQUITY,Consumer Discretionary,Equity,"235,633,646.44","235,633,646.44","816,019.00",288.76,United States,NYSE,USD,1.00,--,0.20,0.20,IJH
RGEN,REPLIGEN CORP,EQUITY,Health Care,Equity,"234,997,899.78","234,997,899.78","1,780,422.00",131.99,United States,NASDAQ,USD,1.00,--,0.20,0.20,IJH
BROS,DUTCH BROS INC CLASS A,EQUITY,Consumer Discretionary,Equity,"233,468,328.82","233,468,328.82","4,274,411.00",54.62,United States,NYSE,USD,1.00,--,0.20,0.20,IJH
AM,ANTERO MIDSTREAM CORP,EQUITY,Energy,Equity,"232,664,983.92","232,664,983.92","11,142,959.00",20.88,United States,NYSE,USD,1.00,--,0.20,0.20,IJH
NOV,NOV INC,EQUITY,Energy,Equity,"232,112,827.98","232,112,827.98","12,127,107.00",19.14,United States,NYSE,USD,1.00,--,0.20,0.20,IJH
CHWY,CHEWY INC CLASS A,EQUITY,Consumer Discretionary,Equity,"231,623,635.62","231,623,635.62","8,025,767.00",28.86,United States,NYSE,USD,1.00,--,0.20,0.20,IJH
TKR,TIMKEN,EQUITY,Industrials,Equity,"231,303,678.30","231,303,678.30","2,132,814.00",108.45,United States,NYSE,USD,1.00,--,0.20,0.20,IJH
CRBG,COREBRIDGE FINANCIAL INC,SWAP,Financials,Equity,0.00,"230,593,717.78","8,585,023.00",26.86,United States,NYSE,USD,1.00,--,0.19,--,IJH
WH,WYNDHAM HOTELS RESORTS INC,EQUITY,Consumer Discretionary,Equity,"228,565,875.33","228,565,875.33","2,542,163.00",89.91,United States,NYSE,USD,1.00,--,0.20,0.20,IJH
HXL,HEXCEL CORP,EQUITY,Industrials,Equity,"228,543,127.68","228,543,127.68","2,552,984.00",89.52,United States,NYSE,USD,1.00,--,0.20,0.20,IJH
ORA,ORMAT TECH INC,EQUITY,Utilities,Equity,"228,460,121.70","228,460,121.70","2,045,301.00",111.70,United States,NYSE,USD,1.00,--,0.20,0.20,IJH
GXO,GXO LOGISTICS INC,EQUITY,Industrials,Equity,"228,341,817.20","228,341,817.20","3,853,220.00",59.26,United States,NYSE,USD,1.00,--,0.20,0.20,IJH
FAF,FIRST AMERICAN FINANCIAL CORP,EQUITY,Financials,Equity,"227,496,368.20","227,496,368.20","3,428,732.00",66.35,United States,NYSE,USD,1.00,--,0.20,0.20,IJH
MIDD,MIDDLEBY CORP,EQUITY,Industrials,Equity,"225,814,060.68","225,814,060.68","1,559,274.00",144.82,United States,NASDAQ,USD,1.00,--,0.19,0.19,IJH
AAON,AAON INC,EQUITY,Industrials,Equity,"222,922,020.20","222,922,020.20","2,277,038.00",97.90,United States,NASDAQ,USD,1.00,--,0.19,0.19,IJH
MTDR,MATADOR RESOURCES,EQUITY,Energy,Equity,"221,844,305.68","221,844,305.68","3,930,622.00",56.44,United States,NYSE,USD,1.00,--,0.19,0.19,IJH
LEA,LEAR CORP,EQUITY,Consumer Discretionary,Equity,"220,020,312.30","220,020,312.30","1,706,907.00",128.90,United States,NYSE,USD,1.00,--,0.19,0.19,IJH
VLY,VALLEY NATIONAL,EQUITY,Financials,Equity,"218,896,154.91","218,896,154.91","16,107,149.00",13.59,United States,NASDAQ,USD,1.00,--,0.19,0.19,IJH
EXP,EAGLE MATERIALS INC,EQUITY,Materials,Equity,"217,911,886.40","217,911,886.40","1,057,568.00",206.05,United States,NYSE,USD,1.00,--,0.19,0.19,IJH
HR,HEALTHCARE REALTY TRUST INC CLASS,EQUITY,Real Estate,Equity,"217,625,616.18","217,625,616.18","11,738,167.00",18.54,United States,NYSE,USD,1.00,--,0.19,0.19,IJH
HIMS,HIMS HERS HEALTH INC CLASS A,EQUITY,Health Care,Equity,"217,354,609.78","217,354,609.78","7,009,178.00",31.01,United States,NYSE,USD,1.00,--,0.19,0.19,IJH
THG,HANOVER INSURANCE GROUP INC,EQUITY,Financials,Equity,"214,409,127.72","214,409,127.72","1,191,228.00",179.99,United States,NYSE,USD,1.00,--,0.18,0.18,IJH
FNB,FNB CORP,EQUITY,Financials,Equity,"214,362,975.83","214,362,975.83","12,022,601.00",17.83,United States,NYSE,USD,1.00,--,0.18,0.18,IJH
GBCI,GLACIER BANCORP INC,EQUITY,Financials,Equity,"213,972,983.28","213,972,983.28","4,329,684.00",49.42,United States,NYSE,USD,1.00,--,0.18,0.18,IJH
STWD,STARWOOD PROPERTY TRUST REIT INC,EQUITY,Financials,Equity,"213,770,426.00","213,770,426.00","11,713,448.00",18.25,United States,NYSE,USD,1.00,--,0.18,0.18,IJH
JHG,JANUS HENDERSON GROUP PLC,EQUITY,Financials,Equity,"213,723,251.50","213,723,251.50","4,147,550.00",51.53,United States,NYSE,USD,1.00,--,0.18,0.18,IJH
AXTA,AXALTA COATING SYSTEMS LTD,EQUITY,Materials,Equity,"213,121,454.56","213,121,454.56","7,180,642.00",29.68,United States,NYSE,USD,1.00,--,0.18,0.18,IJH
MSA,MSA SAFETY INC,EQUITY,Industrials,Equity,"212,795,668.00","212,795,668.00","1,226,488.00",173.50,United States,NYSE,USD,1.00,--,0.18,0.18,IJH
AVAV,AEROVIRONMENT INC,EQUITY,Industrials,Equity,"211,117,753.22","211,117,753.22","1,070,414.00",197.23,United States,NASDAQ,USD,1.00,--,0.18,0.18,IJH
UBSI,UNITED BANKSHARES INC,EQUITY,Financials,Equity,"208,957,048.00","208,957,048.00","4,695,664.00",44.50,United States,NASDAQ,USD,1.00,--,0.18,0.18,IJH
GAP,GAP INC,EQUITY,Consumer Discretionary,Equity,"208,176,752.97","208,176,752.97","7,633,911.00",27.27,United States,NYSE,USD,1.00,--,0.18,0.18,IJH
MTG,MGIC INVESTMENT CORP,EQUITY,Financials,Equity,"207,486,109.70","207,486,109.70","7,415,515.00",27.98,United States,NYSE,USD,1.00,--,0.18,0.18,IJH
CHDN,CHURCHILL DOWNS INC,EQUITY,Consumer Discretionary,Equity,"207,086,541.54","207,086,541.54","2,228,894.00",92.91,United States,NASDAQ,USD,1.00,--,0.18,0.18,IJH
ACI,ALBERTSONS COMPANY INC CLASS A,EQUITY,Consumer Staples,Equity,"207,051,981.30","207,051,981.30","12,450,510.00",16.63,United States,NYSE,USD,1.00,--,0.18,0.18,IJH
ESAB,ESAB CORP,EQUITY,Industrials,Equity,"206,742,943.12","206,742,943.12","1,920,332.00",107.66,United States,NYSE,USD,1.00,--,0.18,0.18,IJH
PLNT,PLANET FITNESS INC CLASS A,EQUITY,Consumer Discretionary,Equity,"205,786,908.80","205,786,908.80","2,792,224.00",73.70,United States,NYSE,USD,1.00,--,0.18,0.18,IJH
AVT,AVNET INC,EQUITY,Information Technology,Equity,"204,719,791.04","204,719,791.04","2,754,572.00",74.32,United States,NASDAQ,USD,1.00,--,0.18,0.18,IJH
WEX,WEX INC,EQUITY,Financials,Equity,"204,353,818.22","204,353,818.22","1,153,694.00",177.13,United States,NYSE,USD,1.00,--,0.18,0.18,IJH
TMHC,TAYLOR MORRISON HOME CORP,EQUITY,Consumer Discretionary,Equity,"203,449,100.84","203,449,100.84","3,288,332.00",61.87,United States,NYSE,USD,1.00,--,0.17,0.18,IJH
LSTR,LANDSTAR SYSTEM INC,EQUITY,Industrials,Equity,"203,449,380.00","203,449,380.00","1,146,000.00",177.53,United States,NASDAQ,USD,1.00,--,0.17,0.18,IJH
ESNT,ESSENT GROUP LTD,EQUITY,Financials,Equity,"202,790,030.13","202,790,030.13","3,235,839.00",62.67,United States,NYSE,USD,1.00,--,0.17,0.17,IJH
RYN,RAYONIER REIT INC,EQUITY,Real Estate,Equity,"200,374,070.41","200,374,070.41","9,358,901.00",21.41,United States,NYSE,USD,1.00,--,0.17,0.17,IJH
ST,SENSATA TECHNOLOGIES HOLDING PLC,EQUITY,Industrials,Equity,"199,851,359.94","199,851,359.94","4,901,922.00",40.77,United States,NYSE,USD,1.00,--,0.17,0.17,IJH
FND,FLOOR DECOR HOLDINGS INC CLASS A,EQUITY,Consumer Discretionary,Equity,"197,929,146.60","197,929,146.60","3,625,740.00",54.59,United States,NYSE,USD,1.00,--,0.17,0.17,IJH
NXST,NEXSTAR MEDIA GROUP INC,EQUITY,Communication,Equity,"197,066,342.62","197,066,342.62","959,147.00",205.46,United States,NASDAQ,USD,1.00,--,0.17,0.17,IJH
G,GENPACT LTD,EQUITY,Industrials,Equity,"195,307,468.16","195,307,468.16","5,330,444.00",36.64,United States,NYSE,USD,1.00,--,0.17,0.17,IJH
AVTR,AVANTOR INC,EQUITY,Health Care,Equity,"195,075,416.50","195,075,416.50","22,950,049.00",8.50,United States,NYSE,USD,1.00,--,0.17,0.17,IJH
TXNM,TXNM ENERGY INC,EQUITY,Utilities,Equity,"194,512,486.03","194,512,486.03","3,298,499.00",58.97,United States,NYSE,USD,1.00,--,0.17,0.17,IJH
SWX,SOUTHWEST GAS HOLDINGS INC,EQUITY,Utilities,Equity,"194,311,617.40","194,311,617.40","2,161,660.00",89.89,United States,NYSE,USD,1.00,--,0.17,0.17,IJH
POR,PORTLAND GENERAL ELECTRIC,EQUITY,Utilities,Equity,"193,791,692.80","193,791,692.80","3,784,994.00",51.20,United States,NYSE,USD,1.00,--,0.17,0.17,IJH
OLLI,OLLIES BARGAIN OUTLET HOLDINGS INC,EQUITY,Consumer Discretionary,Equity,"193,330,601.12","193,330,601.12","2,063,734.00",93.68,United States,NASDAQ,USD,1.00,--,0.17,0.17,IJH
KRG,KITE REALTY GROUP TRUST REIT,EQUITY,Real Estate,Equity,"192,836,570.53","192,836,570.53","7,285,099.00",26.47,United States,NYSE,USD,1.00,--,0.17,0.17,IJH
BKH,BLACK HILLS CORP,EQUITY,Utilities,Equity,"191,992,777.20","191,992,777.20","2,539,587.00",75.60,United States,NYSE,USD,1.00,--,0.16,0.17,IJH
HWC,HANCOCK WHITNEY CORP,EQUITY,Financials,Equity,"191,948,386.35","191,948,386.35","2,767,821.00",69.35,United States,NASDAQ,USD,1.00,--,0.16,0.17,IJH
UFPI,UFP INDUSTRIES INC,EQUITY,Industrials,Equity,"190,558,916.01","190,558,916.01","1,960,281.00",97.21,United States,NASDAQ,USD,1.00,--,0.16,0.16,IJH
VAL,VALARIS LTD,EQUITY,Energy,Equity,"190,143,172.60","190,143,172.60","2,166,380.00",87.77,United States,NYSE,USD,1.00,--,0.16,0.16,IJH
NJR,NEW JERSEY RESOURCES CORP,EQUITY,Utilities,Equity,"188,631,212.22","188,631,212.22","3,393,258.00",55.59,United States,NYSE,USD,1.00,--,0.16,0.16,IJH
SON,SONOCO PRODUCTS,EQUITY,Materials,Equity,"188,513,008.80","188,513,008.80","3,318,891.00",56.80,United States,NYSE,USD,1.00,--,0.16,0.16,IJH
CROX,CROCS INC,EQUITY,Consumer Discretionary,Equity,"187,936,896.08","187,936,896.08","1,690,232.00",111.19,United States,NASDAQ,USD,1.00,--,0.16,0.16,IJH
LNTH,LANTHEUS HOLDINGS INC,EQUITY,Health Care,Equity,"187,355,375.46","187,355,375.46","2,231,218.00",83.97,United States,NASDAQ,USD,1.00,--,0.16,0.16,IJH
CLF,CLEVELAND CLIFFS INC,EQUITY,Materials,Equity,"186,743,813.13","186,743,813.13","19,192,581.00",9.73,United States,NYSE,USD,1.00,--,0.16,0.16,IJH
FCN,FTI CONSULTING INC,EQUITY,Industrials,Equity,"186,163,283.83","186,163,283.83","1,018,343.00",182.81,United States,NYSE,USD,1.00,--,0.16,0.16,IJH
WING,WINGSTOP INC,EQUITY,Consumer Discretionary,Equity,"186,072,350.88","186,072,350.88","934,896.00",199.03,United States,NASDAQ,USD,1.00,--,0.16,0.16,IJH
BIO,BIO RAD LABORATORIES INC CLASS A,EQUITY,Health Care,Equity,"185,564,604.92","185,564,604.92","611,738.00",303.34,United States,NYSE,USD,1.00,--,0.16,0.16,IJH
CHE,CHEMED CORP,EQUITY,Health Care,Equity,"183,853,352.76","183,853,352.76","476,588.00",385.77,United States,NYSE,USD,1.00,--,0.16,0.16,IJH
AN,AUTONATION INC,EQUITY,Consumer Discretionary,Equity,"183,557,080.26","183,557,080.26","876,042.00",209.53,United States,NYSE,USD,1.00,--,0.16,0.16,IJH
SR,SPIRE INC,EQUITY,Utilities,Equity,"182,033,240.10","182,033,240.10","1,988,565.00",91.54,United States,NYSE,USD,1.00,--,0.16,0.16,IJH
CNX,CNX RESOURCES CORP,EQUITY,Energy,Equity,"181,796,590.80","181,796,590.80","4,790,424.00",37.95,United States,NYSE,USD,1.00,--,0.16,0.16,IJH
CELH,CELSIUS HOLDINGS INC,EQUITY,Consumer Staples,Equity,"181,667,657.70","181,667,657.70","5,377,965.00",33.78,United States,NASDAQ,USD,1.00,--,0.16,0.16,IJH
BC,BRUNSWICK CORP,EQUITY,Consumer Discretionary,Equity,"180,388,163.40","180,388,163.40","2,188,380.00",82.43,United States,NYSE,USD,1.00,--,0.15,0.16,IJH
OGS,ONE GAS INC,EQUITY,Utilities,Equity,"179,038,091.64","179,038,091.64","2,018,923.00",88.68,United States,NYSE,USD,1.00,--,0.15,0.15,IJH
RLI,RLI CORP,EQUITY,Financials,Equity,"178,762,689.95","178,762,689.95","3,090,107.00",57.85,United States,NYSE,USD,1.00,--,0.15,0.15,IJH
M,MACYS INC,EQUITY,Consumer Discretionary,Equity,"178,392,771.32","178,392,771.32","8,946,478.00",19.94,United States,NYSE,USD,1.00,--,0.15,0.15,IJH
VNT,VONTIER CORP,EQUITY,Information Technology,Equity,"177,955,867.80","177,955,867.80","4,764,548.00",37.35,United States,NYSE,USD,1.00,--,0.15,0.15,IJH
BSY,BENTLEY SYSTEMS INC CLASS B,EQUITY,Information Technology,Equity,"176,445,056.20","176,445,056.20","5,011,220.00",35.21,United States,NASDAQ,USD,1.00,--,0.15,0.15,IJH
BDC,BELDEN INC,EQUITY,Information Technology,Equity,"174,270,088.96","174,270,088.96","1,322,432.00",131.78,United States,NYSE,USD,1.00,--,0.15,0.15,IJH
SBRA,SABRA HEALTH CARE REIT INC,EQUITY,Real Estate,Equity,"173,929,298.00","173,929,298.00","8,484,356.00",20.50,United States,NASDAQ,USD,1.00,--,0.15,0.15,IJH
VICR,VICOR CORP,EQUITY,Industrials,Equity,"171,852,182.73","171,852,182.73","764,433.00",224.81,United States,NASDAQ,USD,1.00,--,0.15,0.15,IJH
BYD,BOYD GAMING CORP,EQUITY,Consumer Discretionary,Equity,"171,406,882.36","171,406,882.36","1,945,153.00",88.12,United States,NYSE,USD,1.00,--,0.15,0.15,IJH
SARO,STANDARDAERO,EQUITY,Industrials,Equity,"171,087,773.71","171,087,773.71","6,381,491.00",26.81,United States,NYSE,USD,1.00,--,0.15,0.15,IJH
KNF,KNIFE RIVER CORP,EQUITY,Materials,Equity,"170,947,728.52","170,947,728.52","1,906,622.00",89.66,United States,NYSE,USD,1.00,--,0.15,0.15,IJH
ALGM,ALLEGRO MICROSYSTEMS INC,EQUITY,Information Technology,Equity,"169,807,732.80","169,807,732.80","4,177,312.00",40.65,United States,NASDAQ,USD,1.00,--,0.15,0.15,IJH
OZK,BANK OZK,EQUITY,Financials,Equity,"168,771,872.64","168,771,872.64","3,427,536.00",49.24,United States,NASDAQ,USD,1.00,--,0.14,0.15,IJH
NEU,NEWMARKET CORP,EQUITY,Materials,Equity,"168,687,907.10","168,687,907.10","262,390.00",642.89,United States,NYSE,USD,1.00,--,0.14,0.15,IJH
EXLS,EXLSERVICE HOLDINGS INC,EQUITY,Industrials,Equity,"168,153,184.80","168,153,184.80","5,287,836.00",31.80,United States,NASDAQ,USD,1.00,--,0.14,0.14,IJH
ALK,ALASKA AIR GROUP INC,EQUITY,Industrials,Equity,"167,957,117.44","167,957,117.44","3,857,536.00",43.54,United States,NYSE,USD,1.00,--,0.14,0.14,IJH
MUR,MURPHY OIL CORP,EQUITY,Energy,Equity,"167,494,516.70","167,494,516.70","4,514,677.00",37.10,United States,NYSE,USD,1.00,--,0.14,0.14,IJH
GNTX,GENTEX CORP,EQUITY,Consumer Discretionary,Equity,"167,451,750.89","167,451,750.89","7,366,993.00",22.73,United States,NASDAQ,USD,1.00,--,0.14,0.14,IJH
TNL,TRAVEL LEISURE,EQUITY,Consumer Discretionary,Equity,"167,414,638.30","167,414,638.30","2,164,378.00",77.35,United States,NYSE,USD,1.00,--,0.14,0.14,IJH
HOMB,HOME BANCSHARES INC,EQUITY,Financials,Equity,"167,309,262.36","167,309,262.36","6,155,602.00",27.18,United States,NYSE,USD,1.00,--,0.14,0.14,IJH
FBIN,FORTUNE BRANDS INNOVATIONS INC,EQUITY,Industrials,Equity,"167,279,891.40","167,279,891.40","4,042,530.00",41.38,United States,NYSE,USD,1.00,--,0.14,0.14,IJH
SIGI,SELECTIVE INSURANCE GROUP INC,EQUITY,Financials,Equity,"165,476,145.00","165,476,145.00","2,021,700.00",81.85,United States,NASDAQ,USD,1.00,--,0.14,0.14,IJH
LOPE,GRAND CANYON EDUCATION INC,EQUITY,Consumer Discretionary,Equity,"162,433,165.44","162,433,165.44","929,677.00",174.72,United States,NASDAQ,USD,1.00,--,0.14,0.14,IJH
MTN,VAIL RESORTS INC,EQUITY,Consumer Discretionary,Equity,"160,166,521.35","160,166,521.35","1,203,807.00",133.05,United States,NYSE,USD,1.00,--,0.14,0.14,IJH
VNO,VORNADO REALTY TRUST REIT,EQUITY,Real Estate,Equity,"159,409,489.26","159,409,489.26","5,389,097.00",29.58,United States,NYSE,USD,1.00,--,0.14,0.14,IJH
NOVT,NOVANTA INC,EQUITY,Information Technology,Equity,"159,235,092.44","159,235,092.44","1,203,773.00",132.28,United States,NASDAQ,USD,1.00,--,0.14,0.14,IJH
BCO,BRINKS,EQUITY,Industrials,Equity,"159,238,889.76","159,238,889.76","1,397,936.00",113.91,United States,NYSE,USD,1.00,--,0.14,0.14,IJH
TCBI,TEXAS CAPITAL BANCSHARES INC,EQUITY,Financials,Equity,"157,197,586.50","157,197,586.50","1,486,502.00",105.75,United States,NASDAQ,USD,1.00,--,0.13,0.14,IJH
LPX,LOUISIANA PACIFIC CORP,EQUITY,Materials,Equity,"157,159,206.60","157,159,206.60","2,132,418.00",73.70,United States,NYSE,USD,1.00,--,0.13,0.14,IJH
TREX,TREX INC,EQUITY,Industrials,Equity,"157,026,676.29","157,026,676.29","3,608,979.00",43.51,United States,NYSE,USD,1.00,--,0.13,0.14,IJH
ASB,ASSOCIATED BANCORP,EQUITY,Financials,Equity,"156,122,650.80","156,122,650.80","5,505,030.00",28.36,United States,NYSE,USD,1.00,--,0.13,0.13,IJH
MAT,MATTEL INC,EQUITY,Consumer Discretionary,Equity,"155,927,557.38","155,927,557.38","10,457,918.00",14.91,United States,NASDAQ,USD,1.00,--,0.13,0.13,IJH
KBR,KBR INC,EQUITY,Industrials,Equity,"155,795,001.94","155,795,001.94","4,273,039.00",36.46,United States,NYSE,USD,1.00,--,0.13,0.13,IJH
SLM,SLM CORP,EQUITY,Financials,Equity,"154,806,009.49","154,806,009.49","6,698,659.00",23.11,United States,NASDAQ,USD,1.00,--,0.13,0.13,IJH
OPCH,OPTION CARE HEALTH INC,EQUITY,Health Care,Equity,"153,660,886.47","153,660,886.47","5,341,011.00",28.77,United States,NASDAQ,USD,1.00,--,0.13,0.13,IJH
NVST,ENVISTA HOLDINGS CORP,EQUITY,Health Care,Equity,"153,568,492.65","153,568,492.65","5,514,129.00",27.85,United States,NYSE,USD,1.00,--,0.13,0.13,IJH
BRKR,BRUKER CORP,EQUITY,Health Care,Equity,"153,394,159.80","153,394,159.80","3,732,218.00",41.10,United States,NASDAQ,USD,1.00,--,0.13,0.13,IJH
PATH,UIPATH INC CLASS A,EQUITY,Information Technology,Equity,"152,156,241.60","152,156,241.60","14,408,735.00",10.56,United States,NYSE,USD,1.00,--,0.13,0.13,IJH
PVH,PVH CORP,EQUITY,Consumer Discretionary,Equity,"151,629,552.32","151,629,552.32","1,541,264.00",98.38,United States,NYSE,USD,1.00,--,0.13,0.13,IJH
PCTY,PAYLOCITY HOLDING CORP,EQUITY,Industrials,Equity,"151,447,372.38","151,447,372.38","1,468,367.00",103.14,United States,NASDAQ,USD,1.00,--,0.13,0.13,IJH
WMG,WARNER MUSIC GROUP CORP CLASS A,EQUITY,Communication,Equity,"150,876,831.60","150,876,831.60","4,945,160.00",30.51,United States,NASDAQ,USD,1.00,--,0.13,0.13,IJH
ANF,ABERCROMBIE AND FITCH CLASS A,EQUITY,Consumer Discretionary,Equity,"150,113,157.12","150,113,157.12","1,543,104.00",97.28,United States,NYSE,USD,1.00,--,0.13,0.13,IJH
MSM,MSC INDUSTRIAL INC CLASS A,EQUITY,Industrials,Equity,"149,558,248.62","149,558,248.62","1,539,774.00",97.13,United States,NYSE,USD,1.00,--,0.13,0.13,IJH
NWE,NORTHWESTERN ENERGY GROUP INC,EQUITY,Utilities,Equity,"149,538,513.84","149,538,513.84","2,067,448.00",72.33,United States,NASDAQ,USD,1.00,--,0.13,0.13,IJH
FLG,FLAGSTAR BANK NATIONAL ASSOCIATION,EQUITY,Financials,Equity,"149,254,098.87","149,254,098.87","10,077,927.00",14.81,United States,NYSE,USD,1.00,--,0.13,0.13,IJH
VVV,VALVOLINE INC,EQUITY,Consumer Discretionary,Equity,"148,395,854.80","148,395,854.80","4,283,945.00",34.64,United States,NYSE,USD,1.00,--,0.13,0.13,IJH
OLED,UNIVERSAL DISPLAY CORP,EQUITY,Information Technology,Equity,"148,193,980.62","148,193,980.62","1,487,742.00",99.61,United States,NASDAQ,USD,1.00,--,0.13,0.13,IJH
POST,POST HOLDINGS INC,EQUITY,Consumer Staples,Equity,"147,772,484.20","147,772,484.20","1,420,070.00",104.06,United States,NYSE,USD,1.00,--,0.13,0.13,IJH
HLNE,HAMILTON LANE INC CLASS A,EQUITY,Financials,Equity,"146,881,955.79","146,881,955.79","1,374,913.00",106.83,United States,NASDAQ,USD,1.00,--,0.13,0.13,IJH
EPR,EPR PROPERTIES REIT,EQUITY,Real Estate,Equity,"145,932,488.32","145,932,488.32","2,562,017.00",56.96,United States,NYSE,USD,1.00,--,0.13,0.13,IJH
RYAN,RYAN SPECIALTY HOLDINGS INC CLASS,EQUITY,Financials,Equity,"145,406,739.78","145,406,739.78","3,837,602.00",37.89,United States,NYSE,USD,1.00,--,0.12,0.13,IJH
THO,THOR INDUSTRIES INC,EQUITY,Consumer Discretionary,Equity,"144,207,821.19","144,207,821.19","1,777,929.00",81.11,United States,NYSE,USD,1.00,--,0.12,0.12,IJH
MORN,MORNINGSTAR INC,EQUITY,Financials,Equity,"144,031,959.30","144,031,959.30","772,455.00",186.46,United States,NASDAQ,USD,1.00,--,0.12,0.12,IJH
BBWI,BATH AND BODY WORKS INC,EQUITY,Consumer Discretionary,Equity,"143,969,608.20","143,969,608.20","6,888,498.00",20.90,United States,NYSE,USD,1.00,--,0.12,0.12,IJH
SAIC,SCIENCE APPLICATIONS INTERNATIONAL,EQUITY,Industrials,Equity,"143,798,635.50","143,798,635.50","1,518,465.00",94.70,United States,NASDAQ,USD,1.00,--,0.12,0.12,IJH
FFIN,FIRST FINANCIAL BANKSHARES INC,EQUITY,Financials,Equity,"143,130,284.16","143,130,284.16","4,385,119.00",32.64,United States,NASDAQ,USD,1.00,--,0.12,0.12,IJH
DBX,DROPBOX INC CLASS A,EQUITY,Information Technology,Equity,"142,969,229.76","142,969,229.76","5,869,016.00",24.36,United States,NASDAQ,USD,1.00,--,0.12,0.12,IJH
CVLT,COMMVAULT SYSTEMS INC,EQUITY,Information Technology,Equity,"141,904,284.90","141,904,284.90","1,479,711.00",95.90,United States,NASDAQ,USD,1.00,--,0.12,0.12,IJH
FHI,FEDERATED HERMES INC CLASS B,EQUITY,Financials,Equity,"141,858,533.25","141,858,533.25","2,486,565.00",57.05,United States,NYSE,USD,1.00,--,0.12,0.12,IJH
DUOL,DUOLINGO INC CLASS A,EQUITY,Consumer Discretionary,Equity,"141,148,083.96","141,148,083.96","1,346,319.00",104.84,United States,NASDAQ,USD,1.00,--,0.12,0.12,IJH
CUZ,COUSINS PROPERTIES REIT INC,EQUITY,Real Estate,Equity,"140,345,566.14","140,345,566.14","5,652,258.00",24.83,United States,NYSE,USD,1.00,--,0.12,0.12,IJH
CNO,CNO FINANCIAL GROUP INC,EQUITY,Financials,Equity,"139,716,369.52","139,716,369.52","3,179,708.00",43.94,United States,NYSE,USD,1.00,--,0.12,0.12,IJH
ELF,ELF BEAUTY INC,EQUITY,Consumer Staples,Equity,"135,954,576.78","135,954,576.78","1,987,059.00",68.42,United States,NYSE,USD,1.00,--,0.12,0.12,IJH
HRB,H&R BLOCK INC,EQUITY,Consumer Discretionary,Equity,"135,254,058.24","135,254,058.24","4,265,344.00",31.71,United States,NYSE,USD,1.00,--,0.12,0.12,IJH
PEGA,PEGASYSTEMS INC,EQUITY,Information Technology,Equity,"134,534,547.00","134,534,547.00","3,071,565.00",43.80,United States,NASDAQ,USD,1.00,--,0.12,0.12,IJH
DLB,DOLBY LABORATORIES INC CLASS A,EQUITY,Information Technology,Equity,"132,697,343.19","132,697,343.19","2,048,747.00",64.77,United States,NYSE,USD,1.00,--,0.11,0.11,IJH
CBT,CABOT CORP,EQUITY,Materials,Equity,"132,678,998.55","132,678,998.55","1,757,105.00",75.51,United States,NYSE,USD,1.00,--,0.11,0.11,IJH
GHC,GRAHAM HOLDINGS COMPANY CLASS B,EQUITY,Consumer Discretionary,Equity,"131,715,649.43","131,715,649.43","114,409.00","1,151.27",United States,NYSE,USD,1.00,--,0.11,0.11,IJH
IBOC,INTERNATIONAL BANCSHARES CORP,EQUITY,Financials,Equity,"131,310,850.88","131,310,850.88","1,819,718.00",72.16,United States,NASDAQ,USD,1.00,--,0.11,0.11,IJH
APPF,APPFOLIO INC CLASS A,EQUITY,Information Technology,Equity,"129,928,992.21","129,928,992.21","818,863.00",158.67,United States,NASDAQ,USD,1.00,--,0.11,0.11,IJH
IRT,INDEPENDENCE REALTY INC,EQUITY,Real Estate,Equity,"129,186,664.86","129,186,664.86","7,969,566.00",16.21,United States,NYSE,USD,1.00,--,0.11,0.11,IJH
WLK,WESTLAKE CORP,EQUITY,Materials,Equity,"127,788,278.28","127,788,278.28","1,122,131.00",113.88,United States,NYSE,USD,1.00,--,0.11,0.11,IJH
SHC,SOTERA HEALTH COMPANY,EQUITY,Health Care,Equity,"127,611,854.48","127,611,854.48","7,838,566.00",16.28,United States,NASDAQ,USD,1.00,--,0.11,0.11,IJH
MMS,MAXIMUS INC,EQUITY,Industrials,Equity,"125,988,788.64","125,988,788.64","1,835,501.00",68.64,United States,NYSE,USD,1.00,--,0.11,0.11,IJH
CDP,COPT DEFENSE PROPERTIES,EQUITY,Real Estate,Equity,"123,274,991.52","123,274,991.52","3,801,264.00",32.43,United States,NYSE,USD,1.00,--,0.11,0.11,IJH
SLGN,SILGAN HOLDINGS INC,EQUITY,Materials,Equity,"123,148,985.70","123,148,985.70","2,951,090.00",41.73,United States,NYSE,USD,1.00,--,0.11,0.11,IJH
WHR,WHIRLPOOL CORP,EQUITY,Consumer Discretionary,Equity,"122,134,287.50","122,134,287.50","2,133,350.00",57.25,United States,NYSE,USD,1.00,--,0.10,0.11,IJH
LIVN,LIVANOVA PLC,EQUITY,Health Care,Equity,"120,919,820.48","120,919,820.48","1,837,408.00",65.81,United States,NASDAQ,USD,1.00,--,0.10,0.10,IJH
BHF,BRIGHTHOUSE FINANCIAL INC,EQUITY,Financials,Equity,"118,992,589.84","118,992,589.84","1,924,201.00",61.84,United States,NASDAQ,USD,1.00,--,0.10,0.10,IJH
AVNT,AVIENT CORP,EQUITY,Materials,Equity,"118,616,228.50","118,616,228.50","3,080,941.00",38.50,United States,NYSE,USD,1.00,--,0.10,0.10,IJH
KRC,KILROY REALTY REIT CORP,EQUITY,Real Estate,Equity,"117,905,107.90","117,905,107.90","3,668,485.00",32.14,United States,NYSE,USD,1.00,--,0.10,0.10,IJH
BILL,BILL HOLDINGS INC,EQUITY,Information Technology,Equity,"117,442,197.21","117,442,197.21","2,963,467.00",39.63,United States,NYSE,USD,1.00,--,0.10,0.10,IJH
KBH,KB HOME,EQUITY,Consumer Discretionary,Equity,"117,380,546.58","117,380,546.58","2,125,689.00",55.22,United States,NYSE,USD,1.00,--,0.10,0.10,IJH
EXPO,EXPONENT INC,EQUITY,Industrials,Equity,"114,398,157.45","114,398,157.45","1,678,623.00",68.15,United States,NASDAQ,USD,1.00,--,0.10,0.10,IJH
KD,KYNDRYL HOLDINGS INC,EQUITY,Information Technology,Equity,"112,594,292.88","112,594,292.88","7,690,867.00",14.64,United States,NYSE,USD,1.00,--,0.10,0.10,IJH
FOUR,SHIFT4 PAYMENTS INC CLASS A,EQUITY,Financials,Equity,"112,226,427.00","112,226,427.00","2,275,475.00",49.32,United States,NYSE,USD,1.00,--,0.10,0.10,IJH
DOCS,DOXIMITY INC CLASS A,EQUITY,Health Care,Equity,"109,817,048.16","109,817,048.16","4,502,544.00",24.39,United States,NYSE,USD,1.00,--,0.09,0.09,IJH
PII,POLARIS INC,EQUITY,Consumer Discretionary,Equity,"109,106,887.60","109,106,887.60","1,798,070.00",60.68,United States,NYSE,USD,1.00,--,0.09,0.09,IJH
YETI,YETI HOLDINGS INC,EQUITY,Consumer Discretionary,Equity,"108,314,272.08","108,314,272.08","2,618,184.00",41.37,United States,NYSE,USD,1.00,--,0.09,0.09,IJH
SYNA,SYNAPTICS INC,EQUITY,Information Technology,Equity,"108,242,130.80","108,242,130.80","1,303,180.00",83.06,United States,NASDAQ,USD,1.00,--,0.09,0.09,IJH
IPGP,IPG PHOTONICS CORP,EQUITY,Information Technology,Equity,"107,065,094.04","107,065,094.04","850,533.00",125.88,United States,NASDAQ,USD,1.00,--,0.09,0.09,IJH
PBF,PBF ENERGY INC CLASS A,EQUITY,Energy,Equity,"105,450,887.75","105,450,887.75","2,793,401.00",37.75,United States,NYSE,USD,1.00,--,0.09,0.09,IJH
NSA,NATIONAL STORAGE AFFILIATES TRUST,EQUITY,Real Estate,Equity,"104,458,861.98","104,458,861.98","2,381,643.00",43.86,United States,NYSE,USD,1.00,--,0.09,0.09,IJH
OLN,OLIN CORP,EQUITY,Materials,Equity,"102,749,525.76","102,749,525.76","3,822,527.00",26.88,United States,NYSE,USD,1.00,--,0.09,0.09,IJH
PAG,PENSKE AUTOMOTIVE GROUP VOTING INC,EQUITY,Consumer Discretionary,Equity,"101,041,207.40","101,041,207.40","620,570.00",162.82,United States,NYSE,USD,1.00,--,0.09,0.09,IJH
SMG,SCOTTS MIRACLE GRO,EQUITY,Materials,Equity,"100,010,421.90","100,010,421.90","1,503,690.00",66.51,United States,NYSE,USD,1.00,--,0.09,0.09,IJH
HGV,HILTON GRAND VACATIONS INC,EQUITY,Consumer Discretionary,Equity,"99,256,239.96","99,256,239.96","2,014,946.00",49.26,United States,NYSE,USD,1.00,--,0.09,0.09,IJH
EEFT,EURONET WORLDWIDE INC,EQUITY,Financials,Equity,"99,163,879.96","99,163,879.96","1,318,318.00",75.22,United States,NASDAQ,USD,1.00,--,0.09,0.09,IJH
QLYS,QUALYS INC,EQUITY,Information Technology,Equity,"98,937,100.00","98,937,100.00","1,206,550.00",82.00,United States,NASDAQ,USD,1.00,--,0.08,0.09,IJH
GPK,GRAPHIC PACKAGING HOLDING,EQUITY,Materials,Equity,"98,709,329.04","98,709,329.04","9,930,516.00",9.94,United States,NYSE,USD,1.00,--,0.08,0.08,IJH
PSN,PARSONS CORP,EQUITY,Industrials,Equity,"97,784,400.96","97,784,400.96","1,780,488.00",54.92,United States,NYSE,USD,1.00,--,0.08,0.08,IJH
HAE,HAEMONETICS CORP,EQUITY,Health Care,Equity,"95,646,146.04","95,646,146.04","1,563,612.00",61.17,United States,NYSE,USD,1.00,--,0.08,0.08,IJH
HOG,HARLEY DAVIDSON INC,EQUITY,Consumer Discretionary,Equity,"95,150,452.05","95,150,452.05","3,972,879.00",23.95,United States,NYSE,USD,1.00,--,0.08,0.08,IJH
VC,VISTEON CORP,EQUITY,Consumer Discretionary,Equity,"93,135,614.40","93,135,614.40","918,135.00",101.44,United States,NASDAQ,USD,1.00,--,0.08,0.08,IJH
MZTI,MARZETTI,EQUITY,Consumer Staples,Equity,"90,997,757.50","90,997,757.50","682,910.00",133.25,United States,NASDAQ,USD,1.00,--,0.08,0.08,IJH
ASH,ASHLAND INC,EQUITY,Materials,Equity,"89,267,597.21","89,267,597.21","1,539,893.00",57.97,United States,NYSE,USD,1.00,--,0.08,0.08,IJH
XRAY,DENTSPLY SIRONA INC,EQUITY,Health Care,Equity,"85,880,053.75","85,880,053.75","6,714,625.00",12.79,United States,NASDAQ,USD,1.00,--,0.07,0.07,IJH
CPRI,CAPRI HOLDINGS LTD,EQUITY,Consumer Discretionary,Equity,"85,322,457.92","85,322,457.92","4,009,514.00",21.28,United States,NYSE,USD,1.00,--,0.07,0.07,IJH
CHH,CHOICE HOTELS INTERNATIONAL INC,EQUITY,Consumer Discretionary,Equity,"84,903,099.68","84,903,099.68","695,471.00",122.08,United States,NYSE,USD,1.00,--,0.07,0.07,IJH
PK,PARK HOTELS RESORTS INC,EQUITY,Real Estate,Equity,"77,889,407.58","77,889,407.58","6,726,201.00",11.58,United States,NYSE,USD,1.00,--,0.07,0.07,IJH
CXT,CRANE NXT,EQUITY,Information Technology,Equity,"77,063,941.26","77,063,941.26","1,661,577.00",46.38,United States,NYSE,USD,1.00,--,0.07,0.07,IJH
RH,RH,EQUITY,Consumer Discretionary,Equity,"74,094,636.30","74,094,636.30","519,270.00",142.69,United States,NYSE,USD,1.00,--,0.06,0.06,IJH
GT,GOODYEAR TIRE & RUBBER,EQUITY,Consumer Discretionary,Equity,"69,541,328.86","69,541,328.86","9,631,763.00",7.22,United States,NASDAQ,USD,1.00,--,0.06,0.06,IJH
EQH,EQUITABLE HOLDINGS INC,SWAP,Financials,Equity,0.00,"66,688,750.20","1,601,555.00",41.64,United States,NYSE,USD,1.00,--,0.06,--,IJH
BRBR,BELLRING BRANDS INC,EQUITY,Consumer Staples,Equity,"65,027,657.44","65,027,657.44","3,945,853.00",16.48,United States,NYSE,USD,1.00,--,0.06,0.06,IJH
SAM,BOSTON BEER INC CLASS A,EQUITY,Consumer Staples,Equity,"64,673,370.30","64,673,370.30","258,797.00",249.90,United States,NYSE,USD,1.00,--,0.06,0.06,IJH
FLO,FLOWERS FOODS INC,EQUITY,Consumer Staples,Equity,"62,246,440.08","62,246,440.08","7,105,758.00",8.76,United States,NYSE,USD,1.00,--,0.05,0.05,IJH
GEF,GREIF INC CLASS A,EQUITY,Materials,Equity,"57,847,190.98","57,847,190.98","832,813.00",69.46,United States,NYSE,USD,1.00,--,0.05,0.05,IJH
COLM,COLUMBIA SPORTSWEAR,EQUITY,Consumer Discretionary,Equity,"54,841,566.94","54,841,566.94","856,498.00",64.03,United States,NASDAQ,USD,1.00,--,0.05,0.05,IJH
PPC,PILGRIMS PRIDE CORP,EQUITY,Consumer Staples,Equity,"47,736,277.20","47,736,277.20","1,445,240.00",33.03,United States,NASDAQ,USD,1.00,--,0.04,0.04,IJH
BLKB,BLACKBAUD INC,EQUITY,Information Technology,Equity,"47,069,593.36","47,069,593.36","1,204,442.00",39.08,United States,NASDAQ,USD,1.00,--,0.04,0.04,IJH
CNXC,CONCENTRIX CORP,EQUITY,Industrials,Equity,"44,674,588.20","44,674,588.20","1,471,495.00",30.36,United States,NASDAQ,USD,1.00,--,0.04,0.04,IJH
COTY,COTY INC CLASS A,EQUITY,Consumer Staples,Equity,"29,568,738.57","29,568,738.57","12,476,261.00",2.37,United States,NYSE,USD,1.00,--,0.03,0.03,IJH
UBFUT,CASH COLLATERAL USD UBFUT,COLLATERAL,Cash and/or Derivatives,Cash Collateral and Margins,"12,117,000.00","12,117,000.00","12,117,000.00",100.00,United States,--,USD,1.00,"Oct 01, 2015",0.01,0.01,IJH
OZK,BANK OZK,SWAP,Financials,Equity,0.00,"3,038,108.00","61,700.00",49.24,United States,NASDAQ,USD,1.00,--,--,--,IJH
WCC,WESCO INTERNATIONAL INC,SWAP,Industrials,Equity,0.00,"2,850,001.20","8,829.00",322.80,United States,NYSE,USD,1.00,--,--,--,IJH
MLISW,CASH COLLATERAL USD BOASW CFD,COLLATERAL,Cash and/or Derivatives,Cash Collateral and Margins,"2,042,912.61","2,042,912.61","2,039,000.00",100.00,United States,--,USD,1.00,"Jan 01, 2006",--,--,IJH
FAM6,S&P MID 400 EMINI JUN 26,INDEX,Cash and/or Derivatives,Futures,0.00,"182,348,100.00",495.00,"3,683.80",--,Index And Options Market,USD,1.00,--,0.16,--,IJH
PARSW,CASH COLLATERAL USD PARSW,COLLATERAL,Cash and/or Derivatives,Cash Collateral and Margins,"-1,232,362.97","-1,232,362.97","-1,230,000.00",100.00,France,--,USD,1.00,"Apr 01, 2002",--,--,IJH
HSBBK,CASH COLLATERAL USD HSBSW,COLLATERAL,Cash and/or Derivatives,Cash Collateral and Margins,"-2,104,034.33","-2,104,034.33","-2,100,000.00",100.00,United States,--,USD,1.00,"Jan 01, 2001",--,--,IJH
USD,USD CASH,CASH,Cash and/or Derivatives,Cash,"45,535,954.30","45,535,954.30","-236,211,011.00",100.00,United States,--,USD,1.00,--,0.04,0.04,IJH
