Ticker,Name,Sector,Asset Class,Market Value,Weight (%),Notional Value,Shares,Price,Location,Exchange,Currency,FX Rate,ETF
NVDA,NVIDIA CORP,Information Technology,Equity,"3,294,099,314.80",6.61,"3,294,099,314.80","16,302,580.00",202.06,United States,NASDAQ,USD,1.00,QUAL
AAPL,APPLE INC,Information Technology,Equity,"3,154,588,426.65",6.33,"3,154,588,426.65","11,553,153.00",273.05,United States,NASDAQ,USD,1.00,QUAL
MSFT,MICROSOFT CORP,Information Technology,Equity,"2,584,155,052.78",5.18,"2,584,155,052.78","6,181,154.00",418.07,United States,NASDAQ,USD,1.00,QUAL
META,META PLATFORMS INC CLASS A,Communication,Equity,"1,916,027,045.33",3.84,"1,916,027,045.33","2,855,863.00",670.91,United States,NASDAQ,USD,1.00,QUAL
LRCX,LAM RESEARCH CORP,Information Technology,Equity,"1,645,455,268.80",3.30,"1,645,455,268.80","6,252,680.00",263.16,United States,NASDAQ,USD,1.00,QUAL
TJX,TJX INC,Consumer Discretionary,Equity,"1,624,813,332.93",3.26,"1,624,813,332.93","10,174,797.00",159.69,United States,NYSE,USD,1.00,QUAL
V,VISA INC CLASS A,Financials,Equity,"1,467,846,562.16",2.94,"1,467,846,562.16","4,675,564.00",313.94,United States,NYSE,USD,1.00,QUAL
KLAC,KLA CORP,Information Technology,Equity,"1,436,265,653.68",2.88,"1,436,265,653.68","795,574.00","1,805.32",United States,NASDAQ,USD,1.00,QUAL
LLY,ELI LILLY,Health Care,Equity,"1,436,055,890.00",2.88,"1,436,055,890.00","1,561,100.00",919.90,United States,NYSE,USD,1.00,QUAL
AMAT,APPLIED MATERIAL INC,Information Technology,Equity,"1,214,231,908.32",2.44,"1,214,231,908.32","3,100,536.00",391.62,United States,NASDAQ,USD,1.00,QUAL
MA,MASTERCARD INC CLASS A,Financials,Equity,"1,179,863,788.65",2.37,"1,179,863,788.65","2,283,681.00",516.65,United States,NYSE,USD,1.00,QUAL
CAT,CATERPILLAR INC,Industrials,Equity,"1,128,600,675.20",2.26,"1,128,600,675.20","1,413,578.00",798.40,United States,NYSE,USD,1.00,QUAL
GOOGL,ALPHABET INC CLASS A,Communication,Equity,"1,111,082,557.34",2.23,"1,111,082,557.34","3,292,877.00",337.42,United States,NASDAQ,USD,1.00,QUAL
BRKB,BERKSHIRE HATHAWAY INC CLASS B,Financials,Equity,"1,053,056,109.84",2.11,"1,053,056,109.84","2,230,673.00",472.08,United States,NYSE,USD,1.00,QUAL
NFLX,NETFLIX INC,Communication,Equity,"1,009,849,601.16",2.03,"1,009,849,601.16","10,649,052.00",94.83,United States,NASDAQ,USD,1.00,QUAL
JNJ,JOHNSON & JOHNSON,Health Care,Equity,"964,163,318.44",1.93,"964,163,318.44","4,179,476.00",230.69,United States,NYSE,USD,1.00,QUAL
GOOG,ALPHABET INC CLASS C,Communication,Equity,"927,858,274.20",1.86,"927,858,274.20","2,766,423.00",335.40,United States,NASDAQ,USD,1.00,QUAL
ANET,ARISTA NETWORKS INC,Information Technology,Equity,"717,590,482.20",1.44,"717,590,482.20","4,300,812.00",166.85,United States,NYSE,USD,1.00,QUAL
SLB,SLB NV,Energy,Equity,"716,120,002.80",1.44,"716,120,002.80","13,718,774.00",52.20,United States,NYSE,USD,1.00,QUAL
COST,COSTCO WHOLESALE CORP,Consumer Staples,Equity,"644,606,635.68",1.29,"644,606,635.68","646,002.00",997.84,United States,NASDAQ,USD,1.00,QUAL
ADBE,ADOBE INC,Information Technology,Equity,"600,474,020.53",1.20,"600,474,020.53","2,415,131.00",248.63,United States,NASDAQ,USD,1.00,QUAL
WMT,WALMART INC,Consumer Staples,Equity,"596,983,068.24",1.20,"596,983,068.24","4,666,847.00",127.92,United States,NASDAQ,USD,1.00,QUAL
ATO,ATMOS ENERGY CORP,Utilities,Equity,"591,139,273.89",1.19,"591,139,273.89","3,174,243.00",186.23,United States,NYSE,USD,1.00,QUAL
MRK,MERCK & CO INC,Health Care,Equity,"578,305,727.30",1.16,"578,305,727.30","4,938,563.00",117.10,United States,NYSE,USD,1.00,QUAL
QCOM,QUALCOMM INC,Information Technology,Equity,"541,478,949.12",1.09,"541,478,949.12","3,937,456.00",137.52,United States,NASDAQ,USD,1.00,QUAL
CMG,CHIPOTLE MEXICAN GRILL INC,Consumer Discretionary,Equity,"536,385,741.51",1.08,"536,385,741.51","14,970,297.00",35.83,United States,NYSE,USD,1.00,QUAL
LMT,LOCKHEED MARTIN CORP,Industrials,Equity,"493,192,828.80",0.99,"493,192,828.80","848,460.00",581.28,United States,NYSE,USD,1.00,QUAL
NKE,NIKE INC CLASS B,Consumer Discretionary,Equity,"487,047,559.04",0.98,"487,047,559.04","10,478,648.00",46.48,United States,NYSE,USD,1.00,QUAL
GRMN,GARMIN LTD,Consumer Discretionary,Equity,"466,024,922.88",0.93,"466,024,922.88","1,742,019.00",267.52,United States,NYSE,USD,1.00,QUAL
PG,PROCTER & GAMBLE,Consumer Staples,Equity,"456,749,506.35",0.92,"456,749,506.35","3,161,115.00",144.49,United States,NYSE,USD,1.00,QUAL
ACN,ACCENTURE PLC CLASS A,Information Technology,Equity,"451,714,291.26",0.91,"451,714,291.26","2,315,771.00",195.06,United States,NYSE,USD,1.00,QUAL
UNH,UNITEDHEALTH GROUP INC,Health Care,Equity,"447,573,721.08",0.90,"447,573,721.08","1,383,621.00",323.48,United States,NYSE,USD,1.00,QUAL
LIN,LINDE PLC,Materials,Equity,"435,692,451.15",0.87,"435,692,451.15","874,621.00",498.15,United States,NASDAQ,USD,1.00,QUAL
ADP,AUTOMATIC DATA PROCESSING INC,Industrials,Equity,"420,192,403.28",0.84,"420,192,403.28","2,076,152.00",202.39,United States,NASDAQ,USD,1.00,QUAL
ITW,ILLINOIS TOOL INC,Industrials,Equity,"409,107,530.28",0.82,"409,107,530.28","1,500,321.00",272.68,United States,NYSE,USD,1.00,QUAL
TT,TRANE TECHNOLOGIES PLC,Industrials,Equity,"402,058,951.08",0.81,"402,058,951.08","842,467.00",477.24,United States,NYSE,USD,1.00,QUAL
DHI,D R HORTON INC,Consumer Discretionary,Equity,"376,862,184.60",0.76,"376,862,184.60","2,457,690.00",153.34,United States,NYSE,USD,1.00,QUAL
FTNT,FORTINET INC,Information Technology,Equity,"370,090,043.40",0.74,"370,090,043.40","4,480,509.00",82.60,United States,NASDAQ,USD,1.00,QUAL
APP,APPLOVIN CORP CLASS A,Information Technology,Equity,"366,380,372.88",0.73,"366,380,372.88","746,253.00",490.96,United States,NASDAQ,USD,1.00,QUAL
KO,COCA-COLA,Consumer Staples,Equity,"357,456,070.56",0.72,"357,456,070.56","4,735,772.00",75.48,United States,NYSE,USD,1.00,QUAL
TPL,TEXAS PACIFIC LAND CORP,Energy,Equity,"345,842,783.40",0.69,"345,842,783.40","795,370.00",434.82,United States,NYSE,USD,1.00,QUAL
OKLO,OKLO INC CLASS A,Utilities,Equity,"331,477,589.97",0.66,"331,477,589.97","4,865,369.00",68.13,United States,NYSE,USD,1.00,QUAL
WSM,WILLIAMS SONOMA INC,Consumer Discretionary,Equity,"330,617,043.12",0.66,"330,617,043.12","1,636,556.00",202.02,United States,NYSE,USD,1.00,QUAL
MPWR,MONOLITHIC POWER SYSTEMS INC,Information Technology,Equity,"323,372,006.58",0.65,"323,372,006.58","216,903.00","1,490.86",United States,NASDAQ,USD,1.00,QUAL
PLD,PROLOGIS REIT INC,Real Estate,Equity,"293,043,992.25",0.59,"293,043,992.25","2,020,575.00",145.03,United States,NYSE,USD,1.00,QUAL
FANG,DIAMONDBACK ENERGY INC,Energy,Equity,"292,722,175.95",0.59,"292,722,175.95","1,595,651.00",183.45,United States,NASDAQ,USD,1.00,QUAL
ABT,ABBOTT LABORATORIES,Health Care,Equity,"291,179,616.00",0.58,"291,179,616.00","3,033,121.00",96.00,United States,NYSE,USD,1.00,QUAL
BLK,BLACKROCK INC,Financials,Equity,"281,338,264.90",0.56,"281,338,264.90","268,345.00","1,048.42",United States,NYSE,USD,1.00,QUAL
CDNS,CADENCE DESIGN SYSTEMS INC,Information Technology,Equity,"274,111,929.00",0.55,"274,111,929.00","860,634.00",318.50,United States,NASDAQ,USD,1.00,QUAL
CTAS,CINTAS CORP,Industrials,Equity,"271,654,187.26",0.54,"271,654,187.26","1,520,254.00",178.69,United States,NASDAQ,USD,1.00,QUAL
ULTA,ULTA BEAUTY INC,Consumer Discretionary,Equity,"265,595,467.92",0.53,"265,595,467.92","464,133.00",572.24,United States,NASDAQ,USD,1.00,QUAL
PHM,PULTEGROUP INC,Consumer Discretionary,Equity,"261,179,427.60",0.52,"261,179,427.60","2,050,074.00",127.40,United States,NYSE,USD,1.00,QUAL
HAL,HALLIBURTON,Energy,Equity,"257,945,240.84",0.52,"257,945,240.84","7,032,313.00",36.68,United States,NYSE,USD,1.00,QUAL
FIX,COMFORT SYSTEMS USA INC,Industrials,Equity,"246,885,865.32",0.50,"246,885,865.32","146,948.00","1,680.09",United States,NYSE,USD,1.00,QUAL
MSI,MOTOROLA SOLUTIONS INC,Information Technology,Equity,"244,849,144.28",0.49,"244,849,144.28","547,859.00",446.92,United States,NYSE,USD,1.00,QUAL
GWW,WW GRAINGER INC,Industrials,Equity,"244,046,294.40",0.49,"244,046,294.40","209,824.00","1,163.10",United States,NYSE,USD,1.00,QUAL
NVR,NVR INC,Consumer Discretionary,Equity,"236,031,028.26",0.47,"236,031,028.26","33,258.00","7,096.97",United States,NYSE,USD,1.00,QUAL
LULU,LULULEMON ATHLETICA INC,Consumer Discretionary,Equity,"232,064,570.71",0.47,"232,064,570.71","1,391,191.00",166.81,United States,NASDAQ,USD,1.00,QUAL
SPGI,S&P GLOBAL INC,Financials,Equity,"231,872,678.28",0.47,"231,872,678.28","523,722.00",442.74,United States,NYSE,USD,1.00,QUAL
PEP,PEPSICO INC,Consumer Staples,Equity,"226,093,858.20",0.45,"226,093,858.20","1,440,180.00",156.99,United States,NASDAQ,USD,1.00,QUAL
DVN,DEVON ENERGY CORP,Energy,Equity,"223,818,367.08",0.45,"223,818,367.08","4,980,382.00",44.94,United States,NYSE,USD,1.00,QUAL
FAST,FASTENAL,Industrials,Equity,"222,115,524.36",0.45,"222,115,524.36","4,875,231.00",45.56,United States,NASDAQ,USD,1.00,QUAL
DECK,DECKERS OUTDOOR CORP,Consumer Discretionary,Equity,"220,933,768.14",0.44,"220,933,768.14","1,989,319.00",111.06,United States,NYSE,USD,1.00,QUAL
NEM,NEWMONT,Materials,Equity,"219,492,084.24",0.44,"219,492,084.24","1,911,286.00",114.84,United States,NYSE,USD,1.00,QUAL
VRTX,VERTEX PHARMACEUTICALS INC,Health Care,Equity,"213,536,342.88",0.43,"213,536,342.88","486,216.00",439.18,United States,NASDAQ,USD,1.00,QUAL
PGR,PROGRESSIVE CORP,Financials,Equity,"203,010,934.28",0.41,"203,010,934.28","996,226.00",203.78,United States,NYSE,USD,1.00,QUAL
CME,CME GROUP INC CLASS A,Financials,Equity,"198,782,885.55",0.40,"198,782,885.55","691,539.00",287.45,United States,NASDAQ,USD,1.00,QUAL
ADSK,AUTODESK INC,Information Technology,Equity,"188,717,473.62",0.38,"188,717,473.62","769,302.00",245.31,United States,NASDAQ,USD,1.00,QUAL
SPG,SIMON PROPERTY GROUP REIT INC,Real Estate,Equity,"183,471,624.20",0.37,"183,471,624.20","883,945.00",207.56,United States,NYSE,USD,1.00,QUAL
EME,EMCOR GROUP INC,Industrials,Equity,"161,788,028.15",0.32,"161,788,028.15","194,665.00",831.11,United States,NYSE,USD,1.00,QUAL
MCO,MOODYS CORP,Financials,Equity,"160,246,441.30",0.32,"160,246,441.30","348,430.00",459.91,United States,NYSE,USD,1.00,QUAL
ODFL,OLD DOMINION FREIGHT LINE INC,Industrials,Equity,"154,370,099.70",0.31,"154,370,099.70","691,065.00",223.38,United States,NASDAQ,USD,1.00,QUAL
BBY,BEST BUY INC,Consumer Discretionary,Equity,"148,964,326.54",0.30,"148,964,326.54","2,225,341.00",66.94,United States,NYSE,USD,1.00,QUAL
IDXX,IDEXX LABORATORIES INC,Health Care,Equity,"145,778,993.44",0.29,"145,778,993.44","250,024.00",583.06,United States,NASDAQ,USD,1.00,QUAL
SHW,SHERWIN WILLIAMS,Materials,Equity,"143,304,969.17",0.29,"143,304,969.17","416,669.00",343.93,United States,NYSE,USD,1.00,QUAL
MRSH,MARSH INC,Financials,Equity,"134,145,353.55",0.27,"134,145,353.55","768,345.00",174.59,United States,NYSE,USD,1.00,QUAL
PSA,PUBLIC STORAGE REIT,Real Estate,Equity,"129,845,862.82",0.26,"129,845,862.82","415,946.00",312.17,United States,NYSE,USD,1.00,QUAL
TRV,TRAVELERS COMPANIES INC,Financials,Equity,"122,271,581.70",0.25,"122,271,581.70","406,515.00",300.78,United States,NYSE,USD,1.00,QUAL
ZTS,ZOETIS INC CLASS A,Health Care,Equity,"118,603,848.48",0.24,"118,603,848.48","966,459.00",122.72,United States,NYSE,USD,1.00,QUAL
PAYX,PAYCHEX INC,Industrials,Equity,"110,180,020.74",0.22,"110,180,020.74","1,183,586.00",93.09,United States,NASDAQ,USD,1.00,QUAL
CBRE,CBRE GROUP INC CLASS A,Real Estate,Equity,"103,510,106.00",0.21,"103,510,106.00","678,310.00",152.60,United States,NYSE,USD,1.00,QUAL
AFL,AFLAC INC,Financials,Equity,"94,151,523.55",0.19,"94,151,523.55","821,065.00",114.67,United States,NYSE,USD,1.00,QUAL
EA,ELECTRONIC ARTS INC,Communication,Equity,"93,220,427.36",0.19,"93,220,427.36","458,401.00",203.36,United States,NASDAQ,USD,1.00,QUAL
AMP,AMERIPRISE FINANCE INC,Financials,Equity,"90,248,666.22",0.18,"90,248,666.22","197,658.00",456.59,United States,NYSE,USD,1.00,QUAL
LII,LENNOX INTERNATIONAL INC,Industrials,Equity,"89,195,855.76",0.18,"89,195,855.76","180,756.00",493.46,United States,NYSE,USD,1.00,QUAL
PYPL,PAYPAL HOLDINGS INC,Financials,Equity,"88,513,721.54",0.18,"88,513,721.54","1,720,049.00",51.46,United States,NASDAQ,USD,1.00,QUAL
EXPD,EXPEDITORS INTERNATIONAL OF WASHIN,Industrials,Equity,"81,575,966.43",0.16,"81,575,966.43","546,353.00",149.31,United States,NYSE,USD,1.00,QUAL
NTAP,NETAPP INC,Information Technology,Equity,"80,919,802.13",0.16,"80,919,802.13","757,747.00",106.79,United States,NASDAQ,USD,1.00,QUAL
MNST,MONSTER BEVERAGE CORP,Consumer Staples,Equity,"80,773,621.32",0.16,"80,773,621.32","1,045,884.00",77.23,United States,NASDAQ,USD,1.00,QUAL
EW,EDWARDS LIFESCIENCES CORP,Health Care,Equity,"80,373,787.52",0.16,"80,373,787.52","986,908.00",81.44,United States,NYSE,USD,1.00,QUAL
HIG,HARTFORD INSURANCE GROUP INC,Financials,Equity,"73,549,278.40",0.15,"73,549,278.40","529,360.00",138.94,United States,NYSE,USD,1.00,QUAL
VICI,VICI PPTYS INC,Real Estate,Equity,"67,938,758.72",0.14,"67,938,758.72","2,360,624.00",28.78,United States,NYSE,USD,1.00,QUAL
BALL,BALL CORP,Materials,Equity,"65,023,169.33",0.13,"65,023,169.33","1,015,511.00",64.03,United States,NYSE,USD,1.00,QUAL
XTSLA,BLK CSH FND TREASURY SL AGENCY,Cash and/or Derivatives,Money Market,"62,964,435.02",0.13,"62,964,435.02","62,964,435.00",1.00,United States,--,USD,1.00,QUAL
CBOE,CBOE GLOBAL MARKETS INC,Financials,Equity,"62,666,828.00",0.13,"62,666,828.00","205,870.00",304.40,United States,Cboe BZX,USD,1.00,QUAL
RMD,RESMED INC,Health Care,Equity,"62,643,945.96",0.13,"62,643,945.96","277,014.00",226.14,United States,NYSE,USD,1.00,QUAL
ROL,ROLLINS INC,Industrials,Equity,"62,147,349.00",0.12,"62,147,349.00","1,132,010.00",54.90,United States,NYSE,USD,1.00,QUAL
FFIV,F5 INC,Information Technology,Equity,"61,616,848.00",0.12,"61,616,848.00","196,232.00",314.00,United States,NASDAQ,USD,1.00,QUAL
AVB,AVALONBAY COMMUNITIES REIT INC,Real Estate,Equity,"59,626,786.92",0.12,"59,626,786.92","338,097.00",176.36,United States,NYSE,USD,1.00,QUAL
ACGL,ARCH CAPITAL GROUP LTD,Financials,Equity,"59,424,834.52",0.12,"59,424,834.52","609,548.00",97.49,United States,NASDAQ,USD,1.00,QUAL
IT,GARTNER INC,Information Technology,Equity,"52,944,003.55",0.11,"52,944,003.55","338,885.00",156.23,United States,NYSE,USD,1.00,QUAL
EQR,EQUITY RESIDENTIAL REIT,Real Estate,Equity,"51,598,402.10",0.10,"51,598,402.10","813,470.00",63.43,United States,NYSE,USD,1.00,QUAL
RJF,RAYMOND JAMES INC,Financials,Equity,"51,543,135.60",0.10,"51,543,135.60","338,565.00",152.24,United States,NYSE,USD,1.00,QUAL
WTW,WILLIS TOWERS WATSON PLC,Financials,Equity,"49,639,102.48",0.10,"49,639,102.48","167,383.00",296.56,United States,NASDAQ,USD,1.00,QUAL
CSL,CARLISLE COMPANIES INC,Industrials,Equity,"49,417,088.85",0.10,"49,417,088.85","136,079.00",363.15,United States,NYSE,USD,1.00,QUAL
GGG,GRACO INC,Industrials,Equity,"47,612,889.58",0.10,"47,612,889.58","546,082.00",87.19,United States,NYSE,USD,1.00,QUAL
TROW,T ROWE PRICE GROUP INC,Financials,Equity,"44,722,024.20",0.09,"44,722,024.20","455,882.00",98.10,United States,NASDAQ,USD,1.00,QUAL
UTHR,UNITED THERAPEUTICS CORP,Health Care,Equity,"44,563,742.72",0.09,"44,563,742.72","77,713.00",573.44,United States,NASDAQ,USD,1.00,QUAL
VEEV,VEEVA SYSTEMS INC CLASS A,Health Care,Equity,"42,342,201.72",0.08,"42,342,201.72","250,783.00",168.84,United States,NYSE,USD,1.00,QUAL
CSGP,COSTAR GROUP INC,Real Estate,Equity,"41,219,055.98",0.08,"41,219,055.98","1,028,933.00",40.06,United States,NASDAQ,USD,1.00,QUAL
PPG,PPG INDUSTRIES INC,Materials,Equity,"40,834,586.87",0.08,"40,834,586.87","355,919.00",114.73,United States,NYSE,USD,1.00,QUAL
WRB,WR BERKLEY CORP,Financials,Equity,"36,527,968.40",0.07,"36,527,968.40","551,782.00",66.20,United States,NYSE,USD,1.00,QUAL
WAT,WATERS CORP,Health Care,Equity,"34,185,905.82",0.07,"34,185,905.82","101,862.00",335.61,United States,NYSE,USD,1.00,QUAL
PKG,PACKAGING CORP OF AMERICA,Materials,Equity,"32,799,623.13",0.07,"32,799,623.13","153,693.00",213.41,United States,NYSE,USD,1.00,QUAL
WST,WEST PHARMACEUTICAL SERVICES INC,Health Care,Equity,"31,351,728.00",0.06,"31,351,728.00","112,776.00",278.00,United States,NYSE,USD,1.00,QUAL
HSY,HERSHEY FOODS,Consumer Staples,Equity,"31,214,008.00",0.06,"31,214,008.00","163,040.00",191.45,United States,NYSE,USD,1.00,QUAL
OMC,OMNICOM GROUP INC,Communication,Equity,"25,747,529.00",0.05,"25,747,529.00","327,994.00",78.50,United States,NYSE,USD,1.00,QUAL
JKHY,JACK HENRY AND ASSOCIATES INC,Financials,Equity,"24,650,435.61",0.05,"24,650,435.61","160,203.00",153.87,United States,NASDAQ,USD,1.00,QUAL
TW,TRADEWEB MARKETS INC CLASS A,Financials,Equity,"24,473,360.80",0.05,"24,473,360.80","212,590.00",115.12,United States,NASDAQ,USD,1.00,QUAL
AVY,AVERY DENNISON CORP,Materials,Equity,"23,758,584.20",0.05,"23,758,584.20","138,035.00",172.12,United States,NYSE,USD,1.00,QUAL
RPM,RPM INTERNATIONAL INC,Materials,Equity,"23,470,863.52",0.05,"23,470,863.52","213,916.00",109.72,United States,NYSE,USD,1.00,QUAL
ERIE,ERIE INDEMNITY CLASS A,Financials,Equity,"15,534,330.24",0.03,"15,534,330.24","61,248.00",253.63,United States,NASDAQ,USD,1.00,QUAL
USD,USD CASH,Cash and/or Derivatives,Cash,"10,677,635.30",0.02,"10,677,635.30","10,677,635.00",100.00,United States,--,USD,1.00,QUAL
SGAFT,CASH COLLATERAL USD SGAFT,Cash and/or Derivatives,Cash Collateral and Margins,"4,747,000.00",0.01,"4,747,000.00","4,747,000.00",100.00,United States,--,USD,1.00,QUAL
ESM6,S&P500 EMINI JUN 26,Cash and/or Derivatives,Futures,0.00,0.00,"73,624,400.00",206.00,"7,148.00",--,Index And Options Market,USD,1.00,QUAL
